Белорусь|п. Пятигорск|пр. Чехова|1|51|1
Украина|к. Волхов|ул. Учительская|13|87|1
Белорусь|с. Мокшан|пер. Новосельский|9|27|1
Белорусь|д. Щельяюр|алл. Горького|13|75|2
Белорусь|клх Киржач|пр. Кирова|16|113|2
Россия|к. Курганинск|бул. Семашко|17|146|3
Белорусь|п. Охотск|алл. Петровская|15|138|4
Белорусь|п. Киров (Вятка)|пер. 50 лет Октября|4|42|4
Украина|клх Сунтар|ш. Суворова|1|45|5
Белорусь|клх Каменск-Шахтинский|наб. Ермака|19|131|5
Белорусь|с. Елатьма|наб. Автомобилистов|14|52|5
Украина|с. Красноселькуп|наб. Микрорайон|2|150|6
Россия|г. Мезень|наб. Свободы|14|119|6
Россия|п. Томари|пр. Чехова|2|119|6
Россия|г. Моршанск|ул. Дальневосточная|15|104|7
Россия|к. Волгоград|алл. Горная|2|173|8
Белорусь|ст. Анапа|бул. Радужный|5|53|9
Россия|с. Макушино|ш. Глинки|1|110|10
Украина|ст. Назрань|наб. Ватутина|2|144|11
Украина|к. Бодайбо|ш. Магистральное|12|148|11
Россия|г. Усть-Илимск|бул. Дарвина|3|179|12
Белорусь|п. Гремячинск (Перм.)|бул. 8 Марта|8|156|13
Белорусь|г. Курильск|ш. Кочубея|11|104|13
Украина|клх Кострома|ш. Байкальское|14|175|14
Белорусь|д. Вуктыл|наб. Павлова|7|36|14
Белорусь|г. Батайск|наб. Цветочная|7|17|14
Белорусь|г. Нижневартовск|пр. Рябиновый|13|19|15
Украина|п. Неплюевка|бул. Набережный|12|130|15
Россия|ст. Шамары|наб. Минская|19|173|15
Украина|г. Печора|ш. Техническое|15|106|16
Украина|г. Россошь|наб. Гайдара|10|86|16
Белорусь|с. Надым|бул. Карла Либкнехта|11|189|16
Украина|клх Кабанск|пер. Малый|14|11|17
Украина|д. Цимлянск|бул. Запрудный|2|196|17
Россия|д. Невьянск|ш. Торговое|13|103|17
Белорусь|с. Люберцы|алл. Волгоградская|7|182|18
Россия|д. Усмань|бул. Культуры|14|51|18
Белорусь|д. Чайковский|бул. Монтажников|17|127|19
Украина|к. Ростов-на-Дону|ш. Циолковского|3|108|19
Россия|с. Новомосковск|бул. Никитина|10|82|19
Белорусь|клх Серебряные Пруды|ш. Красина|15|99|20
Белорусь|д. Абинск|ш. Пограничное|3|157|20
Белорусь|д. Кимры|пр. Димитрова|15|199|20
Белорусь|ст. Белореченск|пер. Огородный|9|65|21
Белорусь|д. Астрахань|ш. Черемуховое|17|87|21
Белорусь|г. Лабытнанги|пер. Дружбы|10|47|21
Белорусь|д. Голицыно|пр. Бульварный|7|40|22
Белорусь|с. Забайкальск|пр. Рябиновый|10|195|22
Белорусь|с. Пушкино (Моск.)|пр. Прохладный|3|174|23
Украина|к. Набережные Челны|наб. Крымская|9|28|23
Белорусь|с. Белгород|бул. Октября|14|163|23
Белорусь|ст. Калуга|ул. Гафури|3|181|24
Белорусь|с. Новосибирск|бул. Центральный|5|28|24
Россия|д. Великий Устюг|пер. Кутузова|9|124|24
Россия|ст. Быково (метеост.)|бул. Клубный|12|110|25
Белорусь|д. Абакан|бул. Зеленый|17|117|26
Белорусь|к. Самара|наб. Гоголя|4|186|26
Россия|г. Химки|ш. Тепличное|16|6|26
Россия|с. Верхоянск|пер. Поперечный|2|1|27
Украина|п. Анапа|наб. Смоленская|13|85|28
Украина|к. Крымск|пер. Труда|17|188|28
Украина|с. Ноглики|ул. Энергетическая|5|175|28
Россия|к. Краснотурьинск|бул. Октября|15|78|29
Украина|г. Чебаркуль|наб. Горького|18|29|29
Россия|клх Новочеркасск|наб. Песчаная|9|156|30
Белорусь|п. Якутск|алл. Лермонтова|14|26|31
Белорусь|ст. Стерлитамак|алл. Кольцова|11|133|32
Украина|с. Бийск|наб. Северная|10|127|32
Белорусь|к. Горно-Алтайск|наб. Ульянова|16|19|32
Украина|клх Льгов|бул. Озерный|9|55|33
Россия|к. Верещагино (Перм.)|алл. Главная|14|110|33
Белорусь|г. Нурлат|пер. Декабристов|10|154|33
Украина|д. Чита|алл. Томская|19|191|34
Белорусь|п. Туруханск|ш. Пугачева|13|95|34
Россия|д. Инта|ш. Кочубея|18|1|34
Белорусь|п. Тымовское|пр. Черноморский|17|94|35
Украина|д. Курильск|наб. Папанина|19|117|36
Украина|клх Кедровый|наб. Рыбацкая|2|143|37
Украина|г. Невинномысск|наб. Мостовая|16|158|38
Белорусь|клх Кыштым|ш. Пугачева|9|97|38
Россия|ст. Чита|наб. Раздольная|1|53|38
Белорусь|г. Сыктывкар|алл. М.Горького|9|157|39
Россия|с. Котлас|ул. Дальняя|2|122|40
Белорусь|п. Котлас|ул. Рыбацкая|13|107|41
Белорусь|п. Чокурдах|пр. Ярославский|3|80|42
Украина|клх Терней|пр. Снежный|16|165|43
Украина|клх Москва|алл. Нефтяников|11|60|44
Россия|г. Шилка|наб. Детская|5|59|44
Украина|к. Оймякон|бул. Октябрьский|2|120|45
Россия|д. Пермь|наб. Рязанская|3|100|45
Россия|п. Заводоуковск|пер. Хвойный|18|1|46
Украина|ст. Катайск|пер. Ватутина|10|35|47
Белорусь|клх Кулунда|пер. Центральный|16|175|48
Украина|д. Киров (Вятка)|бул. Центральный|12|112|49
Белорусь|ст. Дубна|пер. Красногвардейский|4|169|50
Белорусь|ст. Сибай|пр. Светлый|16|141|50
Украина|ст. Беслан|бул. Ильича|14|110|51
Россия|с. Пенза|алл. Северная|19|1|51
Белорусь|ст. Кизляр|алл. Братская|19|84|51
Украина|с. Южно-Сахалинск|ул. Фадеева|9|107|52
Белорусь|с. Туапсе|пер. Мельничный|17|157|52
Украина|ст. Макушино|алл. Железнодорожная|17|174|53
Украина|ст. Оленегорск (Якут.)|бул. Дзержинского|2|149|53
Украина|клх Сунтар|алл. Дальневосточная|15|19|53
Украина|клх Снежногорск (Мурм.)|пер. Загородный|13|148|54
Белорусь|к. Черусти|ул. Ветеранов|13|12|55
Россия|д. Уэлен|ш. Культуры|19|19|56
Украина|ст. Середниково|алл. Центральная|7|120|56
Украина|г. Сосногорск|наб. Черемушки|19|153|57
Белорусь|г. Кажим|ш. Заозерное|15|144|57
Украина|ст. Химки|пер. Попова|9|113|57
Украина|ст. Зеленогорск (Ленин.)|ул. Ярославская|5|146|58
Украина|с. Елабуга|пр. Кольцова|18|151|58
Украина|клх Мураши|пер. Специалистов|13|116|58
Украина|г. Октябрьский (Башк.)|пр. Ватутина|3|136|59
Украина|ст. Оймякон|ул. Элеваторная|14|150|60
Украина|к. Южно-Курильск|пр. Малиновый|17|140|61
Украина|п. Кедровый|ш. Вавилова|3|133|61
Украина|к. Нефтеюганск|ул. Лесная|5|157|62
Украина|ст. Тутончаны|ул. Белинского|8|80|62
Белорусь|к. Карабудахкент|ул. Клубная|6|146|63
Украина|п. Клин|наб. Инженерная|14|61|64
Украина|п. Брянск|пер. Литейный|8|124|65
Белорусь|п. Кашира|пр. Черноморский|3|5|65
Россия|с. Минусинск|наб. Просторная|1|135|65
Россия|с. Гагарин|пр. ДОС|12|189|66
Белорусь|к. Всеволожск|пр. Мелиораторов|2|1|66
Украина|п. Ханты-Мансийск|ул. Краснопартизанская|3|51|67
Украина|к. Кирово-Чепецк|наб. Глинки|10|137|67
Россия|к. Стерлитамак|пер. Азовский|4|24|67
Россия|д. Верхний Баскунчак|пр. Крестьянский|14|171|68
Белорусь|д. Тамбов|наб. Абрикосовая|19|73|68
Украина|к. Коломна|бул. Осенний|18|37|69
Белорусь|к. Мураши|алл. Воровского|4|39|69
Белорусь|к. Тюмень|наб. Стадионная|8|65|69
Белорусь|п. Нальчик|ш. Союзное|7|108|70
Украина|ст. Уэлен|алл. Крымская|8|18|70
Украина|г. Ревда (Сверд.)|наб. Иркутская|14|73|70
Украина|к. Крымск|пр. Пархоменко|1|87|71
Белорусь|п. Холмск|ул. Ореховая|4|18|72
Белорусь|г. Усинск|пр. Серафимовича|3|186|72
Белорусь|с. Шелехов|бул. Трудовой|11|121|72
Россия|клх Тверь|пр. Карла Либкнехта|5|89|73
Белорусь|клх Нарткала|пр. Амурский|4|36|74
Белорусь|д. Колпашево|пр. Транспортный|16|161|74
Россия|ст. Троицко-Печорск|ш. Медицинское|2|197|74
Украина|к. Нижнекамск|ул. Надежды|7|138|75
Белорусь|г. Ноябрьск|пер. Большой|10|31|75
Украина|к. Уварово|ул. Песчаная|17|51|75
Россия|г. Пинега|пер. Воронежский|15|144|76
Белорусь|ст. Хасан|алл. Шоссейная|19|133|76
Россия|с. Городовиковск|алл. Дальняя|3|11|77
Украина|д. Чебоксары|бул. Гвардейский|11|192|77
Украина|к. Новый Оскол|пер. Песочный|6|31|78
Украина|с. Нальчик|ул. Ермака|3|23|78
Россия|клх Медногорск|бул. Угольный|14|182|78
Белорусь|д. Чебоксары|пер. Астраханский|16|15|79
Украина|п. Пышма|алл. Поперечная|3|160|80
Украина|п. Валаам|ул. Кутузова|14|27|80
Россия|п. Чусовой|наб. Казачья|3|37|80
Белорусь|к. Воркута|бул. Севастопольский|15|134|81
Украина|д. Сунтар|наб. Школьная|19|2|81
Белорусь|п. Ребриха|пр. Попова|17|168|82
Украина|к. Петрозаводск|наб. Озерная|17|70|82
Белорусь|клх Серов|бул. Станиславского|2|123|82
Украина|с. Мостовской|алл. Кубанская|15|111|83
Россия|п. Белокуриха|алл. Флотская|18|196|83
Россия|п. Владикавказ|алл. Народная|17|167|83
Россия|с. Яшалта|ш. Победы|10|149|84
Украина|п. Уэлен|пер. Дзержинского|2|188|84
Украина|г. Рыбинск|ш. Энергетическое|16|173|85
Украина|г. Холмогоры|ш. Железнодорожное|4|115|85
Россия|клх Тавда|ул. Воровского|8|13|86
Украина|г. Цимлянск|ш. Кедровое|5|120|86
Белорусь|с. Тихорецк|алл. Фадеева|16|126|86
Белорусь|д. Кисловодск|пер. Суворова|3|94|87
Украина|д. Якутск|ш. Лунное|17|9|87
Белорусь|д. Арзамас|алл. Гоголя|10|185|87
Украина|г. Новая Игирма|бул. Чайкиной|9|189|88
Россия|клх Кировск (Мурм.)|алл. Тульская|11|197|88
Украина|п. Чусовой|пр. Морозова|18|18|88
Белорусь|с. Оренбург|наб. Семашко|17|39|89
Украина|к. Агата|пер. Смоленский|11|123|89
Россия|к. Кемерово|наб. Металлургов|12|96|89
Белорусь|к. Кирово-Чепецк|алл. Курортная|13|132|90
Россия|с. Лабытнанги|наб. Элеваторная|19|169|90
Россия|с. Шадринск|бул. Октябрьский|17|150|90
Белорусь|п. Соликамск|бул. Средний|10|140|91
Россия|д. Апрелевка|ш. Кузнечное|13|21|91
Россия|п. Адыгейск|наб. Автомобилистов|7|55|92
Россия|г. Златоуст|бул. Железнодорожный|12|39|93
Украина|ст. Мценск|ш. Сахалинское|10|46|93
Россия|с. Юровск|бул. Жукова|15|98|94
Россия|клх Самара|бул. Станционный|6|97|94
Украина|клх Калязин|наб. Мусы Джалиля|17|123|95
Украина|ст. Волгоград|ш. Краснодарское|4|180|96
Россия|г. Новомичуринск|пр. Олега Кошевого|9|102|96
Украина|п. Тутончаны|ш. Челюскинцев|13|159|97
Россия|д. Приозерск|пер. Буденного|8|59|97
Украина|г. Шадринск|алл. Гражданская|1|89|97
Россия|клх Теберда|наб. Горького|13|26|98
Украина|с. Кондопога|наб. Свободная|11|52|98
Белорусь|п. Поярково|наб. Краснопартизанская|6|100|98
Россия|г. Таштагол|бул. Тупиковый|16|86|99
Россия|клх Токсово|бул. Просторный|5|193|99
Украина|клх Неплюевка|алл. Енисейская|7|111|100
Украина|д. Киренск|бул. Покровский|10|85|101
Белорусь|ст. Черемхово|пр. Ленинский|9|109|101
Россия|с. Домбай|пер. Союзный|7|141|101
Украина|г. Балтийск|ш. Леваневского|10|183|102
Белорусь|с. Урай|алл. Юности|15|67|102
Украина|п. Игнашино|бул. Орджоникидзе|11|40|103
Россия|ст. Коломна|бул. Березовый|8|41|104
Белорусь|ст. Ярославль|пер. Чапаева|2|17|104
Украина|ст. Новгород Великий|пр. Щербакова|16|69|104
Украина|к. Торжок|ул. Беляева|19|109|105
Россия|клх Енисейск|ш. Чайковского|15|8|105
Украина|с. Набережные Челны|пер. Веселый|15|37|106
Белорусь|клх Верхнее Пенжино|ш. Пригородное|13|29|106
Украина|клх Бологое|пер. Ломоносова|19|93|107
Белорусь|д. Токсово|ш. Олимпийское|7|124|108
Украина|ст. Павловский Посад|алл. Чехова|1|174|108
Украина|ст. Горно-Алтайск|пер. Абрикосовый|14|174|109
Россия|к. Завьялиха|наб. Гончарова|12|130|109
Россия|п. Черусти|наб. Репина|6|36|110
Россия|п. Сортавала|пер. Крестьянский|3|109|110
Россия|с. Петухово|бул. Халтурина|19|152|111
Украина|ст. Калуга|ул. Чапаева|1|4|111
Россия|клх Ачхой Мартан|ш. Болотное|6|115|111
Россия|клх Гремячинск (Перм.)|алл. Революционная|3|69|112
Белорусь|с. Владимир|ш. Чайковского|14|25|113
Украина|ст. Юровск|пер. Рылеева|6|117|113
Белорусь|с. Кизилюрт|ш. Лермонтова|14|129|114
Украина|г. Таганрог|ул. Гончарова|10|48|115
Украина|д. Петропавловск-Камчатский|ул. Дарвина|14|28|115
Россия|к. Павловский Посад|бул. Шишкина|1|105|115
Россия|клх Поярково|ш. Светлое|4|116|116
Украина|клх Муром|наб. Сиреневая|19|19|117
Россия|г. Сковородино|пер. Московский|6|5|118
Украина|ст. Троицк (Челяб.)|бул. О.Кошевого|10|157|119
Украина|с. Новый Оскол|пер. Пушкинский|12|143|119
Россия|клх Саянск|ш. Раздольное|19|184|119
Белорусь|с. Бавлы|наб. Ростовская|17|26|120
Белорусь|д. Муром|пр. Элеваторный|14|156|120
Белорусь|г. Тюмень|ул. Максима Горького|14|120|121
Белорусь|клх Ишим|пр. Шмидта|6|183|121
Белорусь|г. Самара|пер. Вокзальный|12|81|121
Украина|п. Владимир|пер. Труда|18|52|122
Белорусь|ст. Таштагол|пер. Молодежный|14|131|123
Россия|к. Усть-Катав|бул. Ушакова|7|122|124
Россия|клх Темрюк|алл. Серафимовича|18|181|125
Украина|ст. Неплюевка|наб. Садовая|15|194|126
Белорусь|с. Домбай|ул. Сплавная|6|101|127
Россия|к. Шелагонцы|алл. Химиков|1|2|127
Украина|г. Александров|ул. Добролюбова|18|106|128
Украина|клх Ростов|пер. Дарвина|6|169|129
Россия|клх Нязепетровск|наб. Октябрьская|11|135|129
Украина|ст. Белорецк|пр. Красный|14|2|130
Белорусь|с. Саранск|пер. Чайковского|12|158|131
Белорусь|д. Змеиногорск|пр. Матросова|6|2|131
Украина|к. Белоярский|ул. Подлесная|11|99|131
Россия|ст. Южно-Сахалинск|алл. Кузнецкая|16|149|132
Россия|ст. Асино|пр. Ленский|17|38|133
Россия|ст. Усть-Баргузин|пр. Линейный|17|180|134
Украина|клх Вытегра|алл. Березовая|19|177|134
Украина|с. Объячево|бул. Энгельса|17|81|135
Россия|клх Меренга|ш. Котовского|19|87|136
Россия|ст. Баксан|пр. Высоковольтный|13|36|137
Украина|г. Саров (Морд.)|пр. Шолохова|4|130|137
Белорусь|ст. Змеиногорск|ш. Зои Космодемьянской|19|192|138
Белорусь|клх Павловский Посад|наб. Крестьянская|19|162|138
Россия|к. Партизанск|алл. Славянская|15|115|139
Украина|с. Зарайск|пер. 60 лет СССР|2|67|139
Белорусь|ст. Бомнак|пр. Омский|19|79|140
Белорусь|ст. Великий Устюг|ш. Морское|1|110|140
Россия|к. Уфа|алл. Чехова|13|26|140
Россия|клх Чулым|пр. Новгородский|12|147|141
Белорусь|к. Смирных|ул. Заливная|13|188|141
Белорусь|ст. Саранск|ул. Садовая|13|49|142
Россия|ст. Нижневартовск|пер. Малиновый|6|179|142
Россия|д. Выборг|пр. Рыбацкий|7|23|143
Россия|г. Глазов|пр. Локомотивный|19|24|143
Россия|д. Тулун|пер. Целинный|1|162|143
Россия|к. Александров Гай|бул. Курский|15|82|144
Россия|ст. Осташков|пр. Таежный|10|139|145
Белорусь|к. Североморск|ул. Свободная|18|39|146
Россия|с. Егорьевск|ул. Иванова|5|183|147
Белорусь|п. Белоярский|пр. Гастелло|8|13|147
Белорусь|клх Подольск|бул. Путевой|2|64|148
Россия|к. Усть-Кулом|пер. Сурикова|19|141|149
Россия|клх Южноуральск|пр. Морской|11|47|149
Украина|с. Терней|пер. Маркса Карла|8|122|150
Белорусь|п. Ногинск (Моск.)|наб. Лунная|11|109|150
Белорусь|д. Чебаркуль|пер. Иванова|7|68|150
Украина|г. Макаров|пер. Грибоедова|10|136|151
Украина|д. Гатчина|наб. Дарвина|16|166|151
Белорусь|ст. Гатчина|пер. Культуры|10|12|152
Украина|к. Оха|ш. Баумана|15|148|153
Украина|п. Печора|пер. Дорожников|10|95|153
Белорусь|п. Шарья|ул. Саратовская|6|128|153
Россия|клх Ростов|ул. Полярная|16|35|154
Белорусь|с. Архыз|ул. Брянская|18|132|154
Белорусь|п. Касимов|пр. 9 мая|12|81|154
Украина|к. Североуральск|пер. Фурманова|7|54|155
Украина|г. Воскресенск|пр. Урожайный|2|4|155
Украина|клх Троицко-Печорск|бул. Дорожников|6|111|155
Россия|г. Анива|ул. Рылеева|15|11|156
Украина|к. Домодедово|пр. Мелиоративный|12|82|156
Украина|к. Макушино|наб. Осенняя|15|61|156
Россия|г. Дубна|алл. Декабристов|16|198|157
Белорусь|п. Новомосковск|алл. Васильковая|7|123|157
Россия|клх Нижний Новгород|пр. Парковый|15|56|158
Украина|п. Снежногорск (Мурм.)|пр. Чайкиной|9|194|158
Белорусь|ст. Кыштым|бул. Некрасова|16|162|159
Белорусь|п. Елабуга|ул. Большевистская|12|79|160
Белорусь|ст. Муравленко|алл. Снежная|8|79|160
Украина|ст. Каргополь|бул. Добролюбова|14|16|161
Россия|с. Хасавюрт|алл. Ушакова|2|17|161
Белорусь|клх Абинск|ул. Грибоедова|9|148|162
Украина|с. Магас|наб. Карла Маркса|13|121|162
Украина|клх Ярославль|наб. Просвещения|8|80|162
Украина|г. Юровск|ш. Крупской|4|109|163
Белорусь|клх Любань|наб. Металлургов|10|160|163
Белорусь|с. Октябрьский (Башк.)|бул. Горького|12|10|163
Белорусь|д. Тында|пер. О.Кошевого|16|64|164
Украина|с. Хабаровск|наб. Есенина|19|122|164
Белорусь|г. Арсеньев|наб. Радужная|9|91|165
Белорусь|ст. Салехард|пер. Локомотивный|19|133|165
Белорусь|д. Челябинск|пер. Омский|18|164|165
Россия|г. Сасово|бул. Блюхера|4|34|166
Украина|к. Бузулук|алл. Энергетиков|10|76|166
Россия|к. Южноуральск|наб. Набережная|6|57|167
Россия|к. Осташков|пер. Подлесный|6|39|167
Россия|г. Алдан|бул. Грибоедова|6|4|168
Россия|клх Черкесск|пр. Нефтяников|9|166|168
Россия|к. Александров|алл. Николаева|15|107|169
Белорусь|д. Жиганск|пер. Молодежный|12|22|169
Белорусь|г. Тутаев|пер. Осипенко|6|71|170
Белорусь|ст. Саров (Морд.)|пер. Энергетиков|4|174|170
Белорусь|к. Алагир|пер. Полевой|19|67|171
Россия|п. Губкинский|ул. Фадеева|15|120|172
Украина|к. Палана|пер. Строителей|9|113|172
Белорусь|ст. Магас|ш. Добролюбова|13|111|173
Украина|д. Моздок|наб. Северная|15|11|174
Украина|п. Верхоянск|бул. Ильича|2|182|174
Украина|к. Ейск|бул. Осенний|6|155|174
Украина|ст. Зарайск|наб. Привокзальная|1|23|175
Украина|д. Зеленогорск (Ленин.)|пер. Торговый|12|179|175
Россия|клх Дзержинск|ул. Грибоедова|8|20|175
Белорусь|ст. Гусь-Хрустальный|ш. Никитина|18|145|176
Россия|д. Стрежевой|наб. Пограничная|18|105|177
Россия|д. Красноярск|ш. Беляева|19|115|178
Белорусь|с. Верхотурье|пер. Полевой|7|196|178
Россия|клх Мокшан|бул. Мостовой|5|107|179
Белорусь|ст. Рыльск|пер. Абрикосовый|17|50|179
Россия|клх Чусовой|пер. Российский|13|121|180
Белорусь|клх Переславль-Залесский|наб. Воронежская|8|27|180
Белорусь|к. Приморско-Ахтарск|бул. Дальний|3|6|180
Белорусь|к. Шереметьево|ш. Вокзальное|9|2|181
Россия|д. Кузнецк|пр. Майский|8|98|182
Украина|г. Белый Яр (Томск.)|ш. Привокзальное|1|183|182
Украина|к. Макушино|алл. Автомобилистов|6|160|182
Украина|г. Ершов|алл. Орловская|2|111|183
Белорусь|д. Видное|алл. Стахановская|9|194|183
Украина|с. Невинномысск|бул. Станиславского|8|121|183
Белорусь|с. Красновишерск|пр. Байкальский|7|5|184
Россия|клх Москва|пр. Поперечный|18|63|184
Украина|г. Краснотурьинск|наб. Парковая|7|148|184
Россия|клх Красноярск|бул. Российский|8|72|185
Белорусь|с. Черемхово|пер. Заливный|15|86|185
Белорусь|к. Новгород Великий|наб. Вахитова|17|92|185
Россия|клх Калязин|пр. Светлый|10|156|186
Россия|п. Воскресенск|ул. Народная|5|112|186
Белорусь|д. Таштагол|наб. Степана Разина|8|27|187
Белорусь|клх Ульяновск|пер. Белорусский|9|111|187
Украина|п. Зеленогорск (Ленин.)|пер. Базарный|1|164|188
Россия|клх Ербогачен|бул. Микрорайон|19|195|189
Украина|ст. Муром|алл. Строительная|2|92|190
Белорусь|ст. Дно|наб. Ореховая|15|54|190
Белорусь|п. Осташков|ул. Космическая|19|154|191
Украина|клх Калевала|пер. Островского|6|159|191
Россия|г. Туруханск|алл. Заводская|2|175|192
Белорусь|к. Камышин|наб. Тульская|9|41|192
Украина|клх Невинномысск|ул. Космическая|2|72|193
Россия|к. Объячево|пер. Красный|12|71|193
Россия|п. Белореченск|ш. Л.Толстого|1|147|193
Россия|д. Александров|пер. Халтурина|14|145|194
Украина|г. Токсово|ул. Прудовая|9|111|194
Россия|п. Устюжна|ш. Степана Разина|8|119|195
Россия|клх Когалым|ш. Профсоюзное|2|79|195
Украина|с. Анива|ул. Флотская|6|149|196
Украина|к. Качканар|пр. Маркса|7|160|196
Россия|к. Апрелевка|ул. Волжская|11|96|197
Россия|г. Снежинск|пр. Центральный|6|158|197
Украина|к. Самара|ш. Аэродромное|6|67|197
Россия|д. Минусинск|алл. Октябрьская|12|131|198
Россия|клх Ржев|пр. Надежды|16|22|199
Украина|ст. Ульяновск|ул. Троицкая|1|131|199
Россия|п. Всеволожск|пер. Блюхера|18|132|199
Россия|п. Усть-Илимск|ш. 40 лет Победы|14|99|200
Россия|д. Курган|пр. Ермака|8|151|201
Белорусь|клх Камышин|пр. Южный|13|36|201
Белорусь|ст. Анива|бул. Победы|16|158|202
Россия|г. Сарапул|наб. Станиславского|19|161|202
Россия|п. Петропавловск-Камчатский|пер. О.Кошевого|13|118|203
Белорусь|с. Нерчинск|ул. Трактовая|19|102|203
Россия|клх Октябрьское (Хант.)|ш. Ермака|8|42|204
Россия|к. Чокурдах|наб. Колхозная|5|89|204
Россия|г. Кировск (Ленин.)|пр. Горняцкий|2|63|204
Белорусь|с. Кырен|алл. Демьяна Бедного|10|141|205
Белорусь|ст. Алапаевск|ул. Кирова|4|182|205
Россия|ст. Уссурийск|алл. Тульская|12|102|205
Белорусь|к. Поярково|бул. Российский|10|132|206
Украина|с. Карталы|ул. Зеленая|18|63|207
Россия|к. Люберцы|наб. Ольховая|16|15|208
Украина|с. Видное|алл. Тукая|16|62|208
Украина|к. Астрахань|алл. Сибирская|8|158|208
Украина|к. Нурлат|наб. Лермонтова|8|109|209
Белорусь|с. Тобольск|пр. Социалистический|14|17|209
Украина|г. Тавда|пр. Пархоменко|9|194|209
Россия|к. Славгород|бул. Мелиоративный|12|79|210
Россия|п. Аршан (Бурят.)|наб. Смоленская|13|19|210
Россия|д. Лянтор|бул. ДОС|6|23|210
Россия|п. Белокуриха|пр. Восточный|6|17|211
Белорусь|д. Коломна|пер. Севастопольский|17|81|211
Белорусь|к. Апатиты|наб. Сосновая|1|49|212
Украина|д. Старый Оскол|ш. Мирное|17|66|212
Россия|д. Чебаркуль|наб. Литейная|4|127|213
Россия|к. Пышма|пер. Цветочный|9|94|214
Россия|д. Холмск|пр. Профсоюзный|3|135|215
Белорусь|д. Саратов|ул. Березовая|8|40|215
Россия|с. Петушки|пер. Киевский|11|79|216
Белорусь|ст. Кизилюрт|ш. Чайкиной|14|23|216
Украина|к. Вендинга|ш. 30 лет Победы|18|16|216
Украина|г. Ухта|алл. Прохладная|4|164|217
Белорусь|г. Лодейное Поле|ш. Сенное|19|120|217
Белорусь|д. Вендинга|пр. Логовой|15|15|218
Украина|с. Березники|пер. Макаренко|8|154|218
Белорусь|клх Светлогорск (Калин.)|пер. Пограничный|3|14|219
Россия|с. Урус-Мартан|пер. Монтажников|16|123|220
Белорусь|г. Северо-Курильск|пр. Тупиковый|12|148|220
Россия|клх Миллерово|пр. Магистральный|4|43|220
Украина|д. Лодейное Поле|ш. Большое|18|17|221
Украина|д. Малгобек|наб. Иркутская|18|30|221
Россия|клх Тында|ш. Рылеева|16|188|221
Белорусь|с. Калач-на-Дону|пер. Центральный|3|113|222
Россия|п. Абакан|алл. Дружбы|5|143|222
Россия|с. Чита|алл. Верхняя|7|120|222
Белорусь|ст. Агинское (Забайк.)|ул. Донская|9|95|223
Украина|к. Шатки|бул. К.Маркса|4|91|224
Украина|клх Тольятти|пр. Главный|6|193|224
Украина|клх Ростов-на-Дону|ул. Гончарова|19|163|225
Украина|г. Кировск (Ленин.)|ш. Тепличное|16|166|225
Россия|клх Жиганск|пр. Средний|15|71|225
Россия|г. Оса|алл. Советской Армии|3|129|226
Россия|г. Моршанск|ш. Большевистское|14|21|226
Белорусь|ст. Домодедово|пр. Красногвардейский|13|47|226
Украина|п. Гудермес|ул. Степана Разина|17|10|227
Россия|с. Переславль-Залесский|ш. Маркса Карла|16|63|228
Украина|клх Охотск|пер. Дальний|12|75|229
Россия|д. Избербаш|алл. Павлова|16|68|230
Россия|ст. Юрюзань|наб. Водопроводная|7|92|230
Украина|ст. Чебоксары|наб. Ярославская|19|20|231
Украина|п. Лабытнанги|пр. Коммуны|1|12|231
Украина|ст. Яшкуль|бул. Никитина|11|180|231
Украина|ст. Владимир|наб. Высокая|16|1|232
Россия|г. Буденновск|бул. Серафимовича|8|14|233
Украина|клх Урус-Мартан|ул. Тукая|16|187|233
Россия|п. Апшеронск|ул. Приморская|2|99|234
Белорусь|п. Беслан|наб. Титова|12|171|235
Россия|к. Тарко-Сале|пр. Больничный|11|37|235
Белорусь|д. Славянск-на-Кубани|ш. Кедровое|6|166|236
Украина|к. Корсаков|пер. Черняховского|13|103|237
Россия|г. Дивногорск|алл. Карла Маркса|9|194|237
Россия|п. Нижнеудинск|пер. Высоковольтный|1|70|237
Белорусь|г. Заводоуковск|бул. Авиационный|9|12|238
Украина|ст. Ведено|пр. Щербакова|14|51|238
Белорусь|г. Макушино|пр. Добролюбова|11|59|238
Украина|с. Пятигорск|пр. Радужный|17|45|239
Украина|с. Тырныауз|ш. Бабушкина|12|120|239
Белорусь|г. Комсомольск-на-Амуре|пр. Маркса Карла|16|178|239
Россия|г. Кизел|ш. Петровское|13|140|240
Россия|к. Братск|бул. Поселковый|15|70|241
Украина|клх Шенкурск|алл. М.Горького|17|157|241
Белорусь|ст. Шумиха|бул. Маяковского|10|69|242
Белорусь|с. Пушкин|пер. Енисейский|11|56|243
Украина|д. Певек|бул. Социалистический|6|110|243
Белорусь|г. Плес|ул. Малиновая|6|193|244
Украина|д. Краснокамск|алл. Мая 1|14|189|244
Белорусь|ст. Мураши|бул. Пролетарский|3|189|245
Украина|п. Ряжск|пер. Энергетиков|19|147|246
Россия|ст. Воткинск|пер. Станционный|16|132|246
Россия|д. Каменск-Уральский|пр. Кирпичный|14|11|247
Украина|ст. Дагомыс|наб. Серафимовича|10|130|247
Украина|п. Мурманск|пр. Краснодарский|4|32|248
Россия|д. Барнаул|пр. Ангарский|12|97|248
Украина|ст. Нурлат|алл. Угловая|17|114|248
Белорусь|ст. Новый Оскол|алл. Хвойная|5|165|249
Белорусь|к. Ступино|бул. Рязанский|8|169|249
Россия|с. Суздаль|бул. Курортный|18|60|250
Украина|ст. Нурлат|алл. Бригадная|4|147|250
Украина|г. Внуково (метеост.)|алл. Пожарского|13|190|251
Белорусь|ст. Астрахань|пр. Коммунальный|14|180|251
Белорусь|ст. Кулунда|бул. О.Кошевого|5|21|251
Белорусь|к. Жуковский|пр. Беляева|17|121|252
Белорусь|д. Жуковский|наб. Омская|15|140|252
Белорусь|клх Змеиногорск|наб. Советская|6|125|253
Украина|п. Чулым|ул. Гафури|8|90|253
Россия|д. Троицко-Печорск|ул. Сиреневая|2|44|254
Белорусь|к. Астрахань|наб. Кочубея|7|52|255
Украина|п. Архангельск|пр. Таежный|14|125|255
Белорусь|ст. Фатеж|пер. Краснознаменный|15|14|255
Украина|к. Тулпан|алл. Сурикова|14|47|256
Россия|клх Орехово-Зуево|наб. Л.Толстого|2|158|256
Украина|д. Нижний Тагил|ул. Шмидта|6|194|257
Россия|клх Воткинск|ш. Прохладное|1|73|258
Украина|ст. Усолье Сибирское|алл. Ярославская|15|168|258
Россия|к. Слюдянка|алл. Тепличная|8|127|259
Украина|п. Усть-Кулом|ш. Микрорайон|9|121|260
Украина|ст. Анива|пр. Южный|8|91|260
Россия|с. Магадан|наб. Димитрова|8|165|260
Украина|ст. Валдай|ш. Геологическое|9|146|261
Украина|к. Черусти|наб. Осенняя|8|154|262
Белорусь|к. Кедровый|алл. Вахитова|1|92|262
Россия|д. Губаха|пр. Калинина|10|104|262
Белорусь|ст. Байкальск|пр. Сахалинский|2|126|263
Украина|г. Красногорск (Моск.)|бул. Герцена|2|149|263
Белорусь|д. Абакан|ш. Зои Космодемьянской|4|153|264
Белорусь|к. Калач|наб. Белорусская|12|52|264
Украина|к. Кетченеры|бул. Ворошилова|2|73|265
Россия|клх Ясный (Оренб.)|алл. Харьковская|3|136|265
Россия|клх Игнашино|ш. Овражное|10|43|265
Белорусь|к. Бийск|алл. Бабушкина|16|138|266
Белорусь|клх Усмань|алл. К.Маркса|10|175|266
Украина|клх Качканар|алл. Максима Горького|1|53|267
Украина|клх Магадан|ш. Ангарское|15|156|268
Белорусь|клх Певек|пер. Высокий|18|62|269
Украина|д. Октябрьский (Башк.)|ул. Маркса Карла|13|125|270
Белорусь|п. Губкин|алл. Тенистая|11|29|270
Украина|г. Чермоз|ул. Фабричная|19|150|270
Белорусь|п. Александров Гай|ш. Кооперативное|9|152|271
Россия|с. Эльбрус|наб. Родниковая|7|193|271
Россия|д. Южно-Сахалинск|ш. Николаева|1|32|271
Белорусь|к. Вологда|ул. Омская|19|121|272
Россия|к. Калевала|пр. Омский|4|78|272
Украина|к. Пушкин|пр. Тамбовский|13|127|273
Украина|ст. Завьялиха|пер. Коммунистический|3|16|274
Белорусь|к. Малоярославец|бул. Карьерный|1|87|274
Белорусь|г. Курчатов|пр. Белорусский|16|152|274
Белорусь|с. Королев|алл. 60 лет СССР|10|93|275
Россия|с. Северо-Курильск|пр. Санаторный|19|160|275
Белорусь|к. Шенкурск|ул. Суворова|10|129|275
Россия|ст. Шали|ул. Свердлова|16|116|276
Белорусь|клх Лазаревское|ш. Луначарского|10|171|276
Россия|с. Красноуральск|ш. Маркса|9|178|277
Россия|п. Алдан|бул. Красноармейский|1|125|278
Украина|к. Хасан|ш. Титова|6|137|279
Россия|клх Чулым|пр. Тельмана|15|117|279
Украина|к. Юрьевец (Иван.)|бул. Покровский|11|61|279
Украина|к. Клин|ул. Ручейная|2|165|280
Белорусь|к. Кинешма|алл. Дачная|3|48|280
Белорусь|п. Ямбург|пер. Фабричный|3|73|280
Россия|г. Новокузнецк|ул. Парижской Коммуны|12|128|281
Белорусь|п. Касимов|бул. Красный|19|132|281
Россия|ст. Карталы|алл. Островского|5|157|282
Россия|к. Камышин|бул. К.Маркса|19|89|282
Белорусь|г. Аша|ул. Угольная|15|134|282
Белорусь|д. Соболево|ш. Коллективное|8|151|283
Украина|клх Березники|алл. Воровского|17|175|283
Россия|п. Амдерма|наб. Короленко|18|19|283
Россия|с. Баргузин|бул. Овражный|13|107|284
Белорусь|д. Черняховск|ул. Советов|10|106|284
Россия|к. Абинск|пер. Юности|2|166|284
Украина|г. Торжок|пр. Шишкина|3|136|285
Украина|д. Нальчик|алл. Свободная|8|129|285
Россия|ст. Кош-Агач|пр. Рязанский|16|54|285
Украина|г. Павловский Посад|ш. Цветочное|1|142|286
Россия|п. Сальск|алл. Шмидта|17|54|287
Украина|с. Каневская|наб. Весенняя|10|114|287
Белорусь|г. Волхов|пр. Куйбышева|8|1|288
Украина|ст. Уссурийск|пер. Коммунаров|18|127|288
Россия|д. Агата|ш. Ленинградское|3|73|288
Россия|д. Моршанск|алл. Минина|17|167|289
Белорусь|клх Новая Игирма|ул. Производственная|10|90|290
Белорусь|г. Сорочинск|ш. Дорожное|16|198|291
Белорусь|клх Балашиха|пр. Подстанция|4|172|291
Украина|ст. Кырен|ш. Шахтерское|6|194|291
Белорусь|ст. Калуга|пр. Фестивальный|2|70|292
Россия|клх Благовещенск (Амур.)|алл. Портовая|2|107|293
Белорусь|клх Кедровый|наб. Черемушки|12|119|293
Белорусь|г. Белорецк|ул. Спартака|16|123|294
Украина|п. Арзамас|ш. Ушакова|3|153|295
Белорусь|клх Малая Вишера|наб. Цветочная|18|78|296
Россия|п. Советский|алл. Маркса|16|190|296
Россия|клх Краснодар|алл. Астраханская|8|124|297
Россия|клх Дербент|пер. Гончарова|12|105|297
Белорусь|г. Соликамск|ш. 8-е Марта|4|171|297
Украина|д. Александров|ул. Строительная|1|113|298
Россия|г. Переславль-Залесский|ул. Буденного|10|110|299
Белорусь|ст. Кингисепп|пер. Высоцкого|9|196|300
Украина|с. Ребриха|пр. Индустриальный|2|184|301
Украина|г. Сарапул|наб. Крылова|10|98|301
Белорусь|клх Внуково (метеост.)|алл. Верхняя|15|51|301
Россия|п. Качканар|алл. З.Космодемьянской|6|121|302
Белорусь|клх Каменномостский|пр. Крайний|7|85|303
Россия|г. Тында|ул. Озерная|9|100|304
Украина|клх Кетченеры|алл. Совхозная|17|105|305
Украина|п. Елабуга|ш. Советское|11|51|306
Россия|д. Партизанск|алл. Краснопартизанская|17|147|306
Украина|г. Шереметьево|ш. Заводское|19|137|307
Украина|п. Каменск-Шахтинский|алл. Запрудная|16|44|307
Украина|ст. Павловская|алл. Горняцкая|1|158|307
Россия|к. Елец|ш. Щербакова|12|19|308
Россия|к. Снежинск|наб. М.Горького|17|24|309
Россия|д. Минусинск|пр. Озерный|4|13|309
Белорусь|п. Октябрьское (Хант.)|алл. Абрикосовая|2|188|310
Белорусь|д. Карачаевск|бул. Звездный|9|116|310
Россия|д. Углегорск|ул. Волжская|3|184|310
Россия|ст. Вологда|пер. Блюхера|2|141|311
Украина|к. Каргополь|бул. Озерный|13|89|311
Украина|с. Заводоуковск|бул. Советской Армии|6|82|311
Россия|ст. Ардон|ш. Ильича|9|187|312
Россия|ст. Адыгейск|бул. Песчаный|3|92|312
Белорусь|г. Обоянь|наб. Депутатская|19|192|312
Украина|д. Тында|ул. Войкова|8|98|313
Белорусь|п. Нефтеюганск|ш. Славянское|8|37|313
Белорусь|п. Великий Устюг|наб. Леваневского|13|73|314
Украина|п. Агинское (Забайк.)|пер. Речной|11|121|315
Россия|ст. Темрюк|ул. Карьерная|16|57|315
Россия|клх Чебаркуль|алл. Сплавная|16|129|316
Россия|п. Октябрьское (Хант.)|алл. Водников|3|48|317
Россия|к. Плесецк|ул. 60 лет СССР|9|166|317
Белорусь|д. Эльбрус|ул. Полевая|7|155|317
Украина|к. Усмань|бул. Пушкинский|4|130|318
Россия|п. Тымовское|ул. Северная|15|161|318
Белорусь|к. Озеры|ш. Профсоюзное|7|161|319
Украина|д. Ессентуки|бул. Воронежский|9|102|320
Белорусь|с. Можайск|бул. Нагорный|3|13|321
Россия|с. Сергиев Посад|ул. Макаренко|19|82|322
Украина|с. Соловки|алл. Светлая|3|59|322
Россия|д. Рыльск|наб. Свободная|9|157|323
Украина|г. Дно|алл. Пролетарская|5|63|323
Украина|с. Буйнакск|пр. Правды|2|169|323
Белорусь|г. Ахтубинск|пр. 60 лет СССР|16|195|324
Белорусь|к. Апрелевка|пер. Коммунальный|9|5|324
Украина|ст. Асино|бул. Ручейный|14|8|325
Украина|ст. Токсово|пер. Огородный|12|133|326
Россия|п. Орел|бул. Новостройка|1|153|327
Белорусь|ст. Касимов|алл. Заводская|10|67|327
Россия|ст. Мезень|пр. Заводской|6|74|328
Украина|клх Шамары|наб. Коминтерна|11|88|328
Россия|ст. Хасавюрт|пер. Инженерный|4|173|329
Белорусь|клх Ербогачен|пер. Революционный|10|52|329
Россия|ст. Гагарин|пр. Ульянова|14|129|330
Белорусь|к. Ирбит|ш. Крымское|4|134|330
Украина|д. Нальчик|ул. Декабристов|15|194|331
Россия|д. Усть-Илимск|наб. Песочная|13|27|332
Россия|ст. Вологда|ш. Есенина|8|15|333
Белорусь|к. Петропавловск-Камчатский|ш. Гражданское|3|67|333
Россия|г. Пушкинские Горы|пр. Достоевского|10|55|334
Россия|клх Тула|бул. Новгородский|17|117|334
Россия|г. Тверь|ул. Осипенко|10|57|334
Белорусь|п. Мирный|пр. Ермака|11|153|335
Белорусь|клх Переславль-Залесский|бул. Чайкиной|18|105|335
Украина|к. Солнечногорск|ш. Терешковой|16|90|336
Украина|г. Североморск|пер. Разина|7|78|336
Украина|с. Шенкурск|пр. Флотский|15|125|336
Белорусь|ст. Середниково|пр. Строительный|8|45|337
Белорусь|клх Шатки|пер. Энгельса|19|98|337
Россия|с. Элиста|пр. Березовый|1|7|337
Россия|д. Лазаревское|бул. Молодежный|14|3|338
Россия|клх Теберда|алл. Песочная|10|17|339
Украина|п. Внуково (метеост.)|пер. Новостройка|5|53|340
Украина|к. Переславль-Залесский|ш. Виноградное|15|91|340
Россия|клх Апшеронск|бул. Торговый|15|38|340
Белорусь|г. Неплюевка|бул. Кузнечный|11|149|341
Белорусь|г. Ямбург|ул. Прудная|5|67|342
Белорусь|с. Котлас|алл. Фрунзе|15|187|342
Россия|ст. Красноярск|наб. Кузнецкая|6|195|342
Украина|с. Белокуриха|ш. Уральское|4|3|343
Украина|клх Ухта|наб. Васильковая|11|83|344
Россия|ст. Ульяновск|пер. Льва Толстого|6|105|344
Украина|ст. Краснотурьинск|алл. Саратовская|2|106|345
Россия|п. Кингисепп|пр. Пограничный|6|151|346
Россия|п. Обоянь|алл. Черноморская|9|116|346
Россия|ст. Луховицы|наб. Троицкая|11|84|346
Украина|клх Магадан|наб. Ленинская|12|112|347
Украина|п. Тверь|алл. Коммунаров|11|75|348
Белорусь|д. Буйнакск|ул. Лунная|4|56|348
Украина|клх Беслан|ул. Леваневского|16|74|348
Россия|ст. Красновишерск|бул. Линейный|7|13|349
Украина|ст. Оймякон|ул. Звездная|11|98|349
Белорусь|клх Гатчина|ш. Камское|17|195|349
Россия|г. Саров (Морд.)|ш. Заливное|19|110|350
Украина|п. Мытищи|ул. Родниковая|7|166|351
Россия|клх Ахтубинск|пер. Плеханова|7|152|351
Украина|с. Курган|ш. Строителей|16|88|351
Украина|к. Витим|пер. Смоленский|14|12|352
Украина|ст. Сусуман|бул. Тракторный|2|186|352
Белорусь|г. Сосновый Бор|ул. Монтажников|2|99|352
Россия|клх Тихорецк|пр. Угловой|1|26|353
Украина|г. Кулунда|ул. Черемушки|10|124|353
Белорусь|ст. Кинешма|ул. Коминтерна|12|169|353
Украина|клх Щелково|алл. Макарова|11|129|354
Украина|к. Усть-Камчатск|пр. Транспортный|9|185|354
Россия|г. Йошкар-Ола|алл. Новгородская|14|86|354
Белорусь|г. Егорьевск|наб. 9 Января|14|186|355
Россия|с. Шумиха|наб. Союзная|8|130|355
Украина|к. Челябинск|пр. Краснознаменный|5|160|355
Украина|ст. Каргасок|бул. Степана Разина|4|14|356
Украина|п. Нефтекамск|бул. Мельничный|3|106|357
Белорусь|к. Долинск|пр. Партизанский|2|140|357
Украина|к. Ардон|пер. Владимирский|11|86|358
Россия|клх Белый Яр (Томск.)|пер. Путевой|4|116|358
Украина|клх Терней|алл. Троицкая|4|59|359
Украина|с. Оренбург|пер. Волжский|17|171|359
Белорусь|п. Игарка|наб. Фадеева|13|149|360
Белорусь|д. Пушкинские Горы|ш. Прудное|17|88|361
Белорусь|д. Оленек|наб. Линейная|18|68|361
Россия|к. Улан-Удэ|бул. Тенистый|18|5|361
Белорусь|к. Неплюевка|ул. Партизанская|18|70|362
Украина|с. Приозерск|ул. Мельничная|10|19|362
Белорусь|п. Мостовской|пр. Циолковского|14|141|362
Украина|к. Черняховск|пр. Троицкий|4|36|363
Россия|п. Невьянск|ш. Депутатское|18|56|364
Белорусь|клх Тюмень|ул. Майская|6|111|365
Белорусь|к. Смирных|бул. Харьковский|2|191|365
Украина|г. Новгород Великий|пр. Сплавный|19|50|366
Украина|к. Яхрома|наб. Авиационная|9|67|366
Россия|д. Магнитогорск|наб. Мостовая|17|50|367
Украина|ст. Егорьевск|алл. Трудовая|9|83|367
Россия|ст. Ахтубинск|бул. Гастелло|4|16|368
Украина|с. Рубцовск|бул. Флотский|13|48|369
Украина|п. Нефтеюганск|алл. Сельская|9|24|370
Украина|к. Макушино|алл. Луговая|19|181|371
Украина|к. Двинской|ул. Бабушкина|16|145|371
Белорусь|д. Кизилюрт|бул. Полярный|6|142|371
Украина|г. Шерегеш|пер. Каштановый|4|144|372
Украина|ст. Горно-Алтайск|наб. Большая|4|100|372
Украина|п. Курумкан|пер. Нахимова|8|108|372
Белорусь|с. Малая Вишера|пр. Гаражный|8|81|373
Украина|клх Рубцовск|пер. Центральный|8|164|374
Украина|д. Биробиджан|алл. Сиреневая|13|24|374
Украина|клх Новочеркасск|алл. Лесозаводская|12|157|375
Украина|д. Кашира|наб. Партизанская|2|69|375
Белорусь|с. Кондопога|алл. Молодежная|6|116|375
Россия|ст. Тулпан|пр. Высоковольтный|17|141|376
Россия|п. Гаврилов-Ям|ул. Бабушкина|5|30|376
Украина|п. Ардон|пр. Клубный|17|41|377
Белорусь|п. Гремячинск (Перм.)|наб. Иванова|15|146|378
Украина|клх Черкесск|пр. Партизанский|16|135|379
Белорусь|ст. Тарко-Сале|алл. Тихая|9|156|380
Россия|с. Южно-Сахалинск|бул. Моховой|19|112|380
Белорусь|г. Уварово|наб. 50 лет Октября|1|54|381
Украина|д. Кострома|ул. Серафимовича|17|147|381
Украина|к. Киржач|наб. Гвардейская|1|23|382
Украина|клх Адлер|наб. Новгородская|18|48|382
Украина|п. Тобольск|пр. Вавилова|1|98|383
Белорусь|д. Бомнак|ш. Жданова|2|65|384
Украина|п. Находка|ул. Минская|2|9|384
Украина|с. Глазов|ул. Герцена|6|143|384
Белорусь|г. Норильск|пер. Иркутский|6|155|385
Украина|клх Ясный (Оренб.)|ш. Плеханова|8|46|385
Россия|ст. Кандалакша|пр. Смоленский|18|176|386
Россия|п. Луга|пер. Горького|2|195|386
Россия|п. Певек|бул. Энтузиастов|18|93|387
Белорусь|клх Торжок|бул. Заозерный|18|38|388
Белорусь|г. Бомнак|ш. 70 лет Октября|4|175|388
Украина|г. Бавлы|алл. Тупиковая|3|25|389
Россия|клх Кизилюрт|ул. Овражная|15|114|389
Украина|клх Ессентуки|ул. Черняховского|19|35|390
Украина|ст. Внуково (метеост.)|наб. Дачная|7|170|390
Белорусь|с. Адлер|ш. Народное|10|97|391
Россия|клх Якутск|наб. Волкова|16|199|391
Украина|ст. Ачхой Мартан|пер. Иркутский|8|195|392
Белорусь|п. Нарткала|ш. Минское|18|133|393
Украина|клх Усть-Джегута|ш. Маркса|6|128|393
Белорусь|д. Кашхатау|алл. Механическая|15|173|394
Украина|с. Калуга|наб. Урицкого|13|65|394
Украина|г. Алапаевск|пер. Каштановый|10|164|395
Украина|д. Хасан|пр. Астраханский|17|1|395
Украина|клх Шатура|наб. Республиканская|7|48|395
Белорусь|п. Орел|пр. Просвещения|5|139|396
Белорусь|с. Кудымкар|пер. Гастелло|12|130|396
Россия|клх Чебаркуль|наб. Загородная|14|99|397
Россия|ст. Рыльск|наб. Флотская|13|178|397
Украина|д. Токсово|пр. Волкова|17|189|398
Россия|клх Междуреченский|ул. Зои Космодемьянской|9|92|398
Украина|г. Верхнее Пенжино|пер. Коминтерна|5|68|399
Белорусь|ст. Дзержинск|ул. Мусы Джалиля|11|111|399
Белорусь|ст. Глазов|пер. Крупской|10|45|400
Белорусь|к. Усть-Камчатск|ш. Победа|1|64|400
Россия|ст. Новосибирск|алл. Малиновая|17|11|400
Украина|ст. Ведено|алл. Луначарского|18|90|401
Украина|с. Карабудахкент|наб. Кольцова|7|105|401
Украина|ст. Кыштым|наб. Славянская|6|160|402
Белорусь|ст. Курильск|ул. Путейская|5|125|403
Белорусь|с. Сибай|ул. Пугачева|11|28|403
Белорусь|клх Усть-Кут|алл. Болотная|4|96|404
Россия|к. Моршанск|ул. Пионерская|11|88|404
Россия|г. Майкоп|пр. Карла Маркса|9|52|405
Украина|к. Касимов|наб. Серафимовича|10|119|405
Украина|п. Омск|пер. Ольховый|3|155|406
Россия|д. Горячий Ключ|бул. Набережный|8|122|406
Белорусь|ст. Солнечногорск|ш. Бульварное|1|62|407
Белорусь|п. Сортавала|пер. Олега Кошевого|19|77|408
Россия|д. Нижнеудинск|наб. Средняя|8|6|408
Белорусь|клх Каменск-Уральский|алл. Шишкина|19|177|409
Украина|с. Славянск-на-Кубани|алл. Пушкинская|15|139|409
Россия|клх Карачаевск|ш. Родниковое|9|30|409
Россия|с. Таштагол|наб. Чехова|13|120|410
Украина|клх Середниково|пер. Индустриальный|13|46|410
Россия|с. Александров Гай|ул. Гражданская|18|33|410
Белорусь|ст. Сунтар|пер. Озерный|15|154|411
Украина|к. Туруханск|ш. Целинное|10|43|412
Белорусь|г. Комсомольск-на-Амуре|пер. Гагарина|7|165|413
Украина|клх Верхоянск|бул. Макарова|11|188|413
Россия|п. Гаврилов-Ям|бул. Коммунальный|7|177|414
Россия|д. Поронайск|наб. Свободная|11|85|414
Украина|п. Сарапул|наб. Циолковского|4|8|414
Россия|п. Диксон|пр. Победы|17|66|415
Украина|к. Тайшет|бул. Заовражный|8|111|415
Украина|с. Чикола|бул. 40 лет Победы|15|153|415
Россия|ст. Павловский Посад|наб. Тракторная|3|45|416
Украина|клх Новгород Великий|пер. Есенина|6|197|416
Белорусь|г. Раменское|ул. Урицкого|7|28|417
Белорусь|п. Дубна|наб. Мичурина|3|127|418
Белорусь|ст. Забайкальск|алл. Дальневосточная|5|43|419
Украина|с. Шамары|пр. Кубанский|9|65|419
Белорусь|г. Курганинск|ул. Журавлева|9|33|419
Украина|клх Печенга|пер. Радужный|10|29|420
Белорусь|г. Энгельс|пер. Спартака|16|78|420
Белорусь|д. Аргаяш|пр. Шишкина|15|10|421
Россия|г. Советский|пр. Короткий|16|37|421
Белорусь|ст. Валаам|пер. Новоселов|18|68|421
Белорусь|г. Чулым|бул. Плеханова|4|197|422
Россия|с. Смоленск|алл. Р.Люксембург|16|36|422
Россия|г. Красноуральск|ул. 60 лет СССР|2|189|423
Украина|ст. Щельяюр|ул. Проточная|15|23|423
Белорусь|д. Борзя|пер. Ручейный|10|47|424
Россия|к. Усть-Камчатск|алл. Цветочная|9|156|425
Россия|п. Меренга|пр. Мирный|13|73|425
Россия|п. Волхов|наб. Сельская|1|165|425
Россия|ст. Углегорск|пер. Заовражный|16|124|426
Россия|с. Онега|наб. Беляева|7|61|426
Украина|д. Чайковский|пер. Больничный|13|139|427
Украина|д. Гатчина|пер. Вавилова|2|129|427
Белорусь|п. Кинешма|бул. Труда|4|73|428
Украина|г. Териберка|бул. Чехова|18|90|428
Россия|клх Оленек|пр. 50 лет Октября|14|23|428
Россия|ст. Александровск-Сахалинский|наб. Каштановая|18|61|429
Украина|клх Светлогорск (Калин.)|бул. Свободы|10|152|429
Белорусь|клх Алагир|алл. Московская|8|109|430
Россия|г. Лабытнанги|ш. Мельничное|5|194|431
Белорусь|ст. Нижнеудинск|ул. Сурикова|10|57|431
Россия|д. Калач|алл. Томская|10|195|431
Россия|с. Новосибирск|ул. Казанская|15|78|432
Украина|ст. Тимашевск|ш. Марта 8|4|138|433
Украина|п. Уссурийск|бул. Энергетический|10|46|434
Белорусь|ст. Южно-Курильск|пр. Больничный|19|152|435
Белорусь|г. Воркута|пр. Урожайный|16|132|436
Россия|к. Усть-Кулом|бул. Смирнова|4|118|437
Белорусь|к. Чегем|пр. Пожарского|4|55|437
Россия|с. Мценск|ш. Сплавное|6|91|437
Белорусь|ст. Миллерово|пр. Виноградный|10|43|438
Россия|с. Буйнакск|ул. Ульяновская|3|163|439
Украина|п. Кизел|пр. Тракторный|19|138|439
Россия|п. Вуктыл|пр. Молодежный|4|112|440
Россия|п. Ведено|ш. Геологов|4|126|440
Украина|д. Нефтегорск (Самар.)|бул. Пожарского|16|54|441
Россия|д. Елец|пер. Ключевой|7|187|442
Украина|п. Красноселькуп|алл. Угловая|4|19|442
Белорусь|ст. Луховицы|пер. Алтайский|13|94|443
Украина|с. Ульяновск|алл. Почтовая|17|55|443
Россия|п. Охотск|алл. Челюскинцев|3|91|444
Россия|клх Инта|наб. Толбухина|9|42|444
Россия|п. Бирск|пер. Стадионный|19|46|444
Белорусь|г. Тихорецк|пр. Троицкий|18|185|445
Белорусь|ст. Хоста|наб. Угловая|19|85|446
Россия|к. Качканар|ул. Казачья|18|56|447
Украина|ст. Балтийск|наб. Шаумяна|17|194|447
Белорусь|клх Верхнее Пенжино|ш. Ореховое|17|169|448
Россия|г. Лесной (Сверд.)|наб. Загородная|1|157|449
Россия|д. Петрозаводск|пер. Декабристов|11|54|449
Россия|клх Троицко-Печорск|наб. Казанская|12|74|449
Россия|ст. Псков|ш. Транспортное|11|32|450
Россия|ст. Кижи|ул. Радужная|12|139|450
Белорусь|к. Середниково|бул. Краснознаменный|2|86|450
Белорусь|г. Крымск|наб. Калужская|11|195|451
Украина|клх Данков|ул. Шахтерская|16|192|452
Россия|к. Новороссийск|алл. Космодемьянской|16|188|453
Украина|ст. Усть-Катав|наб. Большая|4|198|453
Белорусь|клх Мичуринск|наб. Стадионная|4|103|453
Россия|ст. Владивосток|пер. Тельмана|11|165|454
Россия|д. Москва|бул. Путейский|14|134|455
Украина|ст. Северобайкальск|ш. Учительское|6|50|455
Украина|клх Буйнакск|пер. Калинина|12|53|455
Украина|г. Шелагонцы|алл. Элеваторная|1|150|456
Белорусь|д. Мичуринск|наб. Тракторная|8|191|457
Россия|к. Орел|наб. Привокзальная|8|119|457
Белорусь|к. Бузулук|пр. 9 мая|1|3|458
Белорусь|г. Луховицы|ш. Рябиновое|6|46|459
Россия|с. Валдай|бул. Кольцевой|15|149|459
Белорусь|п. Алагир|ул. Чкалова|10|142|459
Белорусь|с. Городовиковск|пр. Ростовский|18|116|460
Белорусь|г. Ершов|алл. Подлесная|2|43|460
Украина|клх Мыс Шмидта|пер. Крайний|19|139|460
Россия|клх Ковров|ш. Лесное|10|82|461
Россия|клх Тарко-Сале|наб. Угольная|11|109|461
Россия|клх Невельск|пр. Докучаева|9|164|461
Белорусь|к. Юровск|ул. Свободная|1|140|462
Белорусь|д. Беслан|пер. Смирнова|17|29|462
Россия|д. Камышлов|наб. Чкалова|10|6|463
Россия|г. Истра|пер. Ростовский|16|86|464
Украина|клх Кызыл|ш. Большевистское|10|135|464
Белорусь|ст. Борзя|алл. Шишкина|18|129|464
Украина|г. Жуковский|ул. Сахалинская|18|52|465
Белорусь|с. Елабуга|пр. Автомобилистов|2|7|466
Белорусь|клх Яшалта|пер. Осенний|2|70|466
Украина|ст. Белокуриха|пер. Маркса Карла|1|68|466
Белорусь|к. Талдом|пр. Глинки|4|51|467
Украина|к. Саянск|наб. Октябрьская|13|122|467
Россия|п. Москва, МГУ|пр. Ставропольский|4|135|467
Белорусь|п. Сеймчан|пр. Котовского|7|101|468
Белорусь|г. Печора|ул. Заводская|3|163|468
Россия|п. Малая Вишера|ш. Радищева|16|132|469
Украина|с. Черусти|наб. Родниковая|4|41|469
Украина|г. Кедровый|наб. Маяковского|16|77|470
Украина|к. Буденновск|ул. Камская|1|101|470
Белорусь|п. Ершов|пр. Димитрова|15|49|470
Украина|д. Петухово|наб. Пушкинская|19|2|471
Россия|к. Моршанск|пр. Черняховского|18|110|471
Украина|г. Тарко-Сале|пр. Калужский|1|82|471
Украина|к. Добрянка|бул. ДОС|2|166|472
Россия|п. Нижний Тагил|ул. Химиков|13|12|472
Украина|ст. Артем|ш. Виноградное|4|138|473
Россия|г. Обнинск|ул. Энергетиков|11|45|473
Украина|ст. Сергиев Посад|бул. Придорожный|4|147|473
Украина|с. Волгоград|ул. Ватутина|10|130|474
Россия|к. Мурманск|бул. Новосельский|2|148|474
Украина|с. Прохладный|наб. Трактовая|4|92|474
Россия|ст. Химки|ш. Победа|19|36|475
Белорусь|п. Троицк (Челяб.)|бул. 70 лет Октября|13|79|475
Россия|г. Заводоуковск|алл. Рябиновая|3|63|475
Украина|п. Ямбург|наб. Кирова|6|107|476
Украина|клх Кировск (Ленин.)|бул. Прудный|12|153|476
Украина|с. Соловки|бул. Спартака|11|138|476
Украина|д. Мурманск|пер. Павлова|7|97|477
Белорусь|к. Кырен|бул. Краснодарский|10|27|478
Украина|г. Ачхой Мартан|бул. Юбилейный|3|121|478
Украина|д. Медногорск|ул. Волгоградская|2|30|479
Россия|п. Бодайбо|пр. Путейский|3|10|479
Россия|ст. Чермоз|ш. Новоселов|6|30|479
Россия|к. Березники|бул. 9 мая|14|62|480
Белорусь|клх Лагань|ул. Красногвардейская|17|149|480
Белорусь|к. Палана|ул. Лесхозная|17|70|481
Белорусь|г. Ноглики|наб. Покровская|9|121|481
Белорусь|клх Байкальск|ш. Строителей|16|102|482
Россия|с. Миллерово|алл. Щербакова|15|72|483
Россия|ст. Бугуруслан|бул. Королева|10|75|483
Белорусь|клх Белорецк|наб. Шаумяна|8|155|484
Украина|д. Шилка|алл. Высотная|18|90|484
Россия|с. Гремячинск (Перм.)|пр. Слободской|16|37|484
Россия|п. Дно|бул. К.Маркса|1|198|485
Белорусь|с. Елатьма|ул. Краснофлотская|14|125|486
Россия|д. Нурлат|ш. Фабричное|2|104|487
Белорусь|к. Двинской|алл. Рыбацкая|8|112|488
Россия|г. Батайск|бул. Ульяновский|5|67|488
Украина|к. Зеленоград|пр. Володарского|9|77|488
Россия|г. Улан-Удэ|ул. Папанина|3|21|489
Украина|к. Елабуга|бул. Леваневского|9|169|489
Россия|г. Аргаяш|ул. Фабричная|18|91|490
Белорусь|п. Кырен|ул. Окружная|18|99|490
Россия|клх Горно-Алтайск|наб. Южная|6|3|491
Белорусь|с. Люберцы|алл. Карьерная|1|81|491
Белорусь|г. Хужир|пр. Хвойный|12|104|491
Белорусь|с. Югорск|пр. Вавилова|8|3|492
Россия|к. Оленегорск (Якут.)|пр. Энгельса|10|85|493
Украина|ст. Яшалта|пр. Звездный|2|172|493
Белорусь|д. Новороссийка|пр. Ручейный|13|40|493
Украина|п. Шатки|пр. Ленинградский|2|176|494
Белорусь|к. Киржач|алл. Лазо|12|34|494
Украина|д. Быково (метеост.)|наб. ДОС|5|59|494
Украина|к. Вытегра|ул. Медицинская|9|179|495
Россия|к. Владимир|наб. Шахтерская|12|132|495
Украина|п. Белгород|пер. Рабочий|4|48|496
Россия|д. Яшкуль|бул. Амурский|1|190|496
Белорусь|п. Астрахань|бул. 9 Января|12|149|496
Белорусь|д. Мурманск|алл. Кузнечная|16|45|497
Россия|ст. Агата|алл. Серова|15|121|497
Белорусь|ст. Сергиев Посад|ул. Котовского|8|6|497
Украина|д. Певек|ул. Мостовая|19|126|498
Россия|с. Новая Игирма|наб. Ударная|11|86|499
Россия|с. Шереметьево|ул. Набережная|1|195|499
Украина|к. Черняховск|ул. Тургенева|2|45|500
Украина|д. Морозовск|наб. Камская|9|160|501
Белорусь|ст. Томари|пер. Горный|19|160|501
Белорусь|ст. Абакан|ул. Ставропольская|14|137|502
Россия|к. Ачинск|наб. Восточная|9|111|502
Белорусь|клх Черский|наб. Ясная|15|62|503
Россия|п. Соловки|пер. Юности|12|76|504
Белорусь|г. Корсаков|наб. Колхозная|17|8|504
Белорусь|клх Елатьма|ш. 60 лет Октября|3|100|504
Россия|д. Соликамск|пер. Коммунаров|15|187|505
Белорусь|п. Аршан (Бурят.)|ул. Дарвина|4|49|506
Россия|с. Набережные Челны|ул. Волочаевская|8|91|506
Белорусь|с. Волхов|пер. Кузнецова|3|73|507
Украина|д. Аргаяш|бул. Рабочий|3|117|507
Россия|клх Барнаул|ул. Шахтерская|18|174|508
Белорусь|ст. Терней|наб. Техническая|9|14|508
Украина|к. Котлас|пер. Энгельса|8|168|508
Украина|д. Уварово|пр. Карьерный|1|199|509
Белорусь|клх Тамбов|ул. Репина|10|151|509
Россия|клх Кострома|бул. Сиреневый|3|93|510
Россия|с. Ачинск|пер. Монтажников|11|187|511
Россия|п. Мезень|алл. Азина|7|129|512
Россия|с. Карабулак|наб. Ленинская|2|138|512
Белорусь|к. Агата|ш. Луговое|11|142|512
Белорусь|д. Дно|пер. Докучаева|4|13|513
Россия|клх Снежногорск (Мурм.)|алл. Дорожная|3|11|513
Белорусь|с. Волоколамск|пр. Орджоникидзе|1|158|513
Россия|г. Бузулук|алл. Слободская|11|59|514
Россия|г. Верхний Уфалей|ул. Красноярская|11|56|514
Украина|с. Арсеньев|бул. 8 Марта|15|63|515
Украина|ст. Александров Гай|пр. Звездный|18|135|516
Белорусь|п. Белокуриха|пер. Восточный|12|138|517
Украина|с. Макаров|бул. Таманский|17|142|517
Россия|ст. Челюскин|ш. Тупиковое|18|53|518
Белорусь|ст. Анапа|пер. Железнодорожный|7|70|518
Украина|с. Палана|ш. Пушкинское|10|21|519
Украина|д. Иваново|наб. Кубанская|7|99|520
Украина|д. Егорьевск|пер. Карла Либкнехта|12|117|520
Россия|д. Жиганск|пер. Фабричный|4|198|520
Белорусь|г. Беломорск|ш. Гвардейское|2|2|521
Белорусь|г. Грозный|наб. Станционная|3|94|521
Белорусь|г. Джубга|бул. Стадионный|1|33|521
Белорусь|п. Калачинск|наб. Розы Люксембург|12|31|522
Белорусь|к. Владикавказ|наб. Ставропольская|13|115|522
Украина|г. Ижевск|пер. Титова|9|92|523
Белорусь|г. Биробиджан|ш. Победа|8|80|523
Россия|клх Курумкан|ш. Красное|18|43|523
Белорусь|клх Мурманск|ул. Полтавская|1|120|524
Белорусь|д. Курильск|бул. Гаражный|10|63|525
Белорусь|клх Архангельск|пер. Карла Либкнехта|11|45|526
Украина|клх Юрьевец (Иван.)|пер. Сплавный|19|28|526
Россия|п. Бронницы|ул. Ручейная|4|97|527
Белорусь|д. Беломорск|ш. Урицкого|4|59|528
Россия|ст. Краснотурьинск|пр. Ворошилова|16|37|529
Белорусь|г. Новороссийка|алл. Репина|18|103|529
Белорусь|клх Ноглики|пр. Ореховый|4|186|529
Россия|к. Талдом|бул. Балтийский|4|101|530
Украина|п. Калачинск|пр. Щербакова|1|170|531
Украина|ст. Октябрьское (Челяб.)|алл. Степная|6|51|532
Россия|ст. Крымск|бул. 1 Мая|12|38|532
Украина|д. Урюпинск|бул. Герцена|16|101|533
Украина|ст. Серов|алл. Блюхера|1|100|534
Белорусь|ст. Хоста|ул. Кавказская|13|12|535
Россия|г. Томпа|бул. Мичурина|5|77|535
Украина|д. Шатки|алл. Крупской|2|55|535
Россия|клх Усть-Камчатск|бул. Водопроводный|3|10|536
Украина|д. Курганинск|наб. Линейная|5|170|536
Украина|ст. Тавда|наб. Чехова|3|67|536
Россия|ст. Беломорск|ш. Чайкиной|4|149|537
Украина|клх Владивосток|наб. Мая 1|17|148|537
Украина|ст. Черский|алл. Смирнова|14|181|538
Украина|к. Арзамас|ш. Невского|1|181|538
Белорусь|с. Калач-на-Дону|алл. Краснознаменная|9|72|538
Белорусь|к. Витим|пер. Локомотивный|12|167|539
Белорусь|клх Джубга|ш. Урожайное|12|165|540
Украина|к. Магас|пр. Циолковского|5|155|541
Белорусь|с. Вязьма|бул. Новгородский|1|113|541
Украина|п. Глазов|ш. Рязанское|18|68|542
Белорусь|с. Дивногорск|алл. Жданова|19|190|543
Россия|п. Нарьян-Мар|ул. Первомайская|13|24|543
Россия|ст. Россошь|пер. Каштановый|8|132|544
Россия|д. Усть-Кулом|наб. Горная|9|162|544
Украина|к. Голицыно|ул. Карьерная|3|170|544
Украина|ст. Кулунда|бул. Свободы|7|5|545
Россия|к. Курганинск|ш. Специалистов|16|3|545
Россия|клх Курск|пр. Октября|10|148|545
Украина|клх Сусуман|пер. Раздольный|10|141|546
Украина|д. Бирск|бул. Кедровый|5|99|546
Россия|к. Киржач|алл. Высотная|18|106|546
Белорусь|п. Чулым|бул. Менделеева|16|26|547
Белорусь|г. Москва, МГУ|бул. Профсоюзный|11|164|547
Украина|ст. Шуя|пер. Камский|7|54|548
Россия|клх Печенга|ул. Чернышевского|1|51|548
Белорусь|с. Валдай|наб. Лазурная|16|20|548
Россия|с. Сергиев Посад|алл. Седова|8|186|549
Украина|п. Барнаул|пер. Мостовой|17|193|549
Украина|к. Минеральные Воды|бул. Одесский|13|173|550
Украина|с. Пышма|алл. Ангарская|1|192|550
Россия|к. Плес|наб. Троицкая|18|61|551
Россия|с. Усть-Баргузин|наб. Парковая|1|46|552
Россия|с. Кашира|бул. Свердлова|16|36|552
Россия|к. Ногинск (Моск.)|пр. Красноярский|4|115|553
Белорусь|д. Шахты|алл. Торговая|2|158|553
Украина|ст. Южно-Сахалинск|ш. Рязанское|12|118|553
Украина|п. Валдай|наб. Ульяновская|7|159|554
Белорусь|г. Апатиты|ш. Чапаева|3|116|555
Белорусь|к. Шереметьево|пр. Сенной|4|41|556
Украина|ст. Северобайкальск|пер. Родниковый|4|170|556
Белорусь|к. Выборг|наб. Красногвардейская|16|67|557
Украина|к. Кропоткин (Краснод.)|ул. Прудовая|1|181|557
Украина|п. Миллерово|наб. Ленинская|13|94|558
Украина|ст. Макаров|наб. Рабочая|8|115|559
Белорусь|с. Усть-Ишим|пер. Репина|13|105|559
Украина|к. Советский|пр. Вахитова|1|110|560
Россия|клх Смоленск|пр. Морской|6|137|560
Украина|п. Выборг|бул. Новоселов|7|93|561
Белорусь|ст. Якутск|ул. Почтовая|18|23|561
Россия|п. Избербаш|пр. Таежный|9|33|562
Украина|к. Тюмень|наб. Казанская|12|9|562
Белорусь|с. Теберда|алл. Максима Горького|5|72|562
Белорусь|ст. Морозовск|пер. Жукова|17|35|563
Россия|к. Горячинск|пр. Белорусский|13|168|564
Украина|клх Валаам|бул. Раздольный|19|26|564
Россия|д. Краснодар|алл. Заречная|2|106|565
Украина|п. Майкоп|пр. Пограничный|11|32|565
Белорусь|п. Елабуга|алл. Ореховая|15|166|566
Украина|п. Кырен|ш. Журавлева|5|196|566
Россия|д. Рославль|бул. Минина|2|27|567
Белорусь|г. Усть-Кулом|пер. Кубанский|4|102|567
Россия|г. Славгород|пр. Щетинкина|10|16|567
Украина|клх Петрозаводск|алл. Средняя|1|107|568
Украина|клх Норильск|ул. Февральская|3|97|569
Россия|клх Ржев|наб. Маяковского|17|82|570
Россия|п. Курумкан|алл. Луговая|2|169|570
Россия|с. Игарка|бул. Овражный|15|117|570
Белорусь|с. Ангарск|ш. Первомайское|12|49|571
Украина|клх Морозовск|бул. Пролетарский|14|171|571
Россия|п. Кулунда|наб. Родниковая|11|184|571
Украина|к. Курган|пр. Новостройка|7|99|572
Белорусь|к. Мокшан|ш. Леваневского|6|4|572
Россия|к. Кизел|пер. Садовый|6|88|573
Украина|к. Нязепетровск|алл. Рабочая|3|52|573
Россия|п. Тосно|пер. Транспортный|14|194|573
Белорусь|клх Югорск|пер. Огородный|17|24|574
Украина|ст. Сызрань|ул. Воронежская|16|102|574
Украина|ст. Котельнич|бул. Сибирский|12|19|575
Украина|д. Междуреченский|бул. Комсомольский|11|9|575
Россия|к. Тула|ш. Космическое|13|73|576
Белорусь|п. Ербогачен|ш. Волкова|5|148|576
Украина|д. Павловский Посад|бул. Черемушки|15|12|577
Украина|клх Кетченеры|пер. Большевистский|13|77|577
Белорусь|ст. Октябрьское (Хант.)|алл. Гайдара|16|95|577
Украина|с. Кяхта|наб. Клары Цеткин|3|189|578
Россия|клх Ишим|наб. Волжская|16|175|578
Россия|ст. Киренск|ул. Черемуховая|3|5|578
Белорусь|к. Славянск-на-Кубани|бул. Брянский|3|11|579
Белорусь|д. Абинск|ш. Энергетиков|9|140|580
Россия|с. Верхний Тагил|ш. Морозова|5|76|580
Россия|д. Астрахань|ул. Кочубея|15|5|580
Белорусь|с. Оленек|наб. Крестьянская|14|1|581
Россия|г. Великий Устюг|ул. Водопроводная|18|180|581
Россия|п. Нижнекамск|наб. Речная|19|106|582
Россия|г. Прохладный|бул. Красина|6|95|583
Белорусь|с. Ялуторовск|ш. Красное|4|189|583
Россия|с. Прохладный|алл. Семашко|16|90|583
Украина|с. Нижнекамск|ул. Гагарина|14|167|584
Россия|клх Юровск|наб. Титова|19|167|584
Белорусь|г. Рязань|ш. Заовражное|11|44|584
Россия|к. Моршанск|алл. Деповская|19|88|585
Украина|д. Октябрьский (Башк.)|алл. Цветочная|6|151|586
Белорусь|п. Забайкальск|пер. Шолохова|4|14|586
Россия|п. Петушки|наб. Ивановская|6|9|587
Россия|д. Томари|алл. Войкова|8|161|587
Белорусь|п. Кизляр|алл. Морозова|13|68|588
Украина|клх Воронеж|алл. Подгорная|18|38|588
Украина|клх Осташков|пр. Пролетарский|11|22|589
Белорусь|д. Крымск|наб. Иванова|19|85|590
Белорусь|к. Тымовское|пер. Трактовый|14|180|591
Россия|п. Лодейное Поле|наб. Братская|12|154|591
Белорусь|д. Бузулук|пр. 40 лет Октября|13|71|591
Белорусь|клх Усть-Калманка|пр. Инженерный|12|150|592
Белорусь|д. Томпа|наб. Восьмого Марта|2|179|593
Россия|клх Нефтегорск (Самар.)|бул. Заречный|16|198|593
Украина|с. Слюдянка|пр. Высокий|9|29|594
Белорусь|ст. Александров|пер. Глинки|15|158|595
Белорусь|клх Эльтон|ул. Рязанская|10|121|596
Белорусь|к. Одинцово|алл. Ветеранов|17|38|596
Украина|п. Кемерово|ул. Орджоникидзе|11|11|596
Россия|д. Ярославль|алл. Кедровая|17|171|597
Белорусь|к. Зарайск|бул. Куйбышева|8|73|597
Россия|п. Волгодонск|пер. Литейный|17|29|597
Украина|г. Лабытнанги|ш. Шахтерское|12|179|598
Украина|д. Елабуга|пр. Ярославский|12|20|598
Белорусь|клх Хоста|ул. Комарова|15|133|599
Белорусь|ст. Ревда (Сверд.)|алл. Ивановская|9|111|599
Россия|д. Тура|пр. Прудовой|11|58|600
Россия|д. Дмитров|алл. Энгельса|19|73|600
Украина|ст. Галич|алл. 8-е Марта|19|187|600
Украина|п. Оленегорск (Якут.)|алл. Марта 8|2|128|601
Украина|д. Оса|пер. Крестьянский|3|36|601
Украина|клх Новая Игирма|пр. Комсомольский|15|185|602
Белорусь|д. Стрежевой|ул. Гагарина|4|29|602
Белорусь|ст. Печенга|пер. Лазо|4|61|603
Белорусь|с. Джейрах|ш. Балтийское|6|85|603
Украина|г. Находка|пер. Вишневый|15|164|603
Украина|клх Кострома|бул. Харьковский|16|139|604
Украина|клх Черкесск|ш. Ивановское|1|122|604
Украина|д. Кондопога|пер. Орджоникидзе|4|7|605
Белорусь|клх Торжок|ш. Станционное|3|103|605
Белорусь|ст. Оха|бул. Лесный|8|178|605
Украина|п. Каменномостский|пр. 40 лет Победы|19|105|606
Белорусь|к. Плесецк|алл. Добролюбова|16|32|607
Украина|п. Иваново|наб. Казачья|13|184|608
Белорусь|с. Звенигород|наб. Ильича|16|138|608
Белорусь|г. Гусь-Хрустальный|наб. Уральская|7|75|609
Белорусь|г. Токсово|пр. Крестьянский|15|30|610
Украина|к. Калач|алл. Студенческая|1|198|610
Белорусь|ст. Мурманск|бул. Кубанский|11|104|610
Украина|с. Северодвинск|наб. Семашко|3|191|611
Россия|с. Домодедово|наб. Южная|10|18|611
Украина|ст. Любань|наб. Деповская|5|58|612
Россия|с. Рославль|ш. Больничное|6|98|613
Россия|ст. Мостовской|пер. Харьковский|6|126|613
Белорусь|с. Томпа|ул. Красногвардейская|19|183|614
Украина|п. Углегорск|пр. Березовый|18|99|615
Россия|к. Братск|бул. Осипенко|19|127|616
Россия|д. Кижи|ул. Прохладная|15|196|616
Россия|д. Тимашевск|ул. Кленовая|1|166|616
Украина|п. Сунтар|ул. Абрикосовая|14|31|617
Россия|с. Губаха|пр. Западный|17|155|617
Украина|ст. Шатура|наб. Демьяна Бедного|2|32|618
Украина|клх Сочи|пер. Коммунаров|1|112|618
Украина|п. Белгород|пер. Тюленина|17|18|618
Россия|к. Тутаев|алл. Комарова|11|9|619
Россия|д. Снежногорск (Мурм.)|пр. Надежды|5|190|619
Украина|ст. Шуя|бул. Окружной|5|71|619
Белорусь|к. Губаха|пер. Ленинский|6|16|620
Россия|ст. Солнечногорск|ш. Полевое|13|53|620
Россия|п. Красноуфимск|наб. Угловая|16|161|620
Россия|с. Мичуринск|пер. Таежный|5|38|621
Украина|г. Нарым|алл. Локомотивная|17|145|622
Россия|п. Нурлат|ул. Радужная|14|155|623
Россия|клх Рязань|пер. Шахтерский|1|176|624
Белорусь|с. Коломна|бул. Кутузова|3|13|624
Белорусь|г. Лабытнанги|пер. Иванова|7|84|625
Украина|к. Любань|наб. Победы|1|119|626
Россия|д. Энгельс|ул. Орджоникидзе|18|148|627
Россия|п. Кингисепп|ул. 50 лет Октября|2|100|627
Белорусь|д. Гремячинск (Бурят.)|пер. Таманский|18|83|627
Россия|к. Ковров|наб. Толбухина|19|190|628
Белорусь|г. Мончегорск|бул. Авиационный|19|91|629
Украина|ст. Шелагонцы|ул. Ульянова|5|146|630
Белорусь|клх Чулым|алл. Ульяновская|9|183|630
Белорусь|к. Нижнекамск|алл. Троицкая|15|17|631
Белорусь|г. Данков|пр. Харьковский|17|48|632
Россия|п. Рязань|бул. Станционный|4|187|632
Украина|к. Ясный (Оренб.)|пер. Ломоносова|10|32|633
Украина|клх Черусти|бул. Новостройка|1|71|633
Украина|п. Лодейное Поле|ш. Олега Кошевого|1|64|633
Белорусь|г. Арсеньев|наб. Жуковского|6|64|634
Россия|клх Аргаяш|наб. Базарная|3|109|634
Украина|клх Оренбург|ш. Ясное|5|94|634
Россия|г. Яр-Сале|пер. Фурманова|1|18|635
Россия|п. Шуя|наб. Овражная|17|180|636
Россия|клх Кинешма|пер. 8 Марта|19|50|636
Россия|д. Сызрань|пер. Ручейный|4|107|636
Украина|к. Сызрань|пер. Новосельский|16|116|637
Украина|п. Сортавала|ш. Депутатское|11|199|637
Украина|клх Луга|ш. Жуковского|1|92|637
Россия|клх Новомичуринск|ул. Гаражная|11|10|638
Россия|к. Кинешма|алл. Азовская|7|53|638
Белорусь|г. Кириши|ул. Тракторная|15|36|639
Россия|к. Жиганск|ул. Ульянова|8|198|639
Украина|ст. Адыгейск|ул. Сахалинская|6|131|640
Россия|клх Тулун|ш. Сахалинское|10|38|640
Белорусь|д. Саранск|ул. Чапаева|2|24|641
Россия|к. Курумкан|ул. Виноградная|12|165|641
Украина|клх Катав-Ивановск|пер. Октября|3|182|641
Белорусь|п. Ясный (Оренб.)|алл. Тополиная|6|160|642
Белорусь|д. Луховицы|алл. Воронежская|11|144|643
Россия|с. Мезень|наб. Ударная|17|109|643
Россия|д. Сузун|пер. Шишкина|7|152|643
Украина|г. Амурск|бул. Микрорайон|7|65|644
Украина|д. Магнитогорск|ш. Краснопартизанское|10|44|644
Белорусь|д. Петухово|пр. Ильича|7|119|644
Россия|д. Владимир|ул. Маркса Карла|19|195|645
Украина|с. Токсово|пер. Шоссейный|4|10|646
Белорусь|п. Руза|алл. Ангарская|3|172|646
Белорусь|г. Курчатов|ул. Бульварная|2|116|647
Россия|д. Гудермес|пер. Ставропольский|13|186|648
Россия|клх Дно|пр. 40 лет Октября|13|77|648
Белорусь|к. Курган|наб. Литейная|12|167|648
Белорусь|клх Ессентуки|ул. Льва Толстого|15|65|649
Украина|п. Апшеронск|бул. Степана Разина|7|159|649
Россия|клх Архангельск|бул. Интернациональный|7|145|649
Белорусь|к. Терскол|наб. Урицкого|10|48|650
Белорусь|с. Советский|ул. Надежды|14|136|650
Белорусь|п. Шуя|пер. Фестивальный|15|31|650
Белорусь|п. Тула|бул. Спортивный|4|141|651
Россия|к. Охотск|бул. Шевченко|19|3|651
Россия|г. Ухта|ул. Речная|13|8|652
Украина|д. Тотьма|ш. Литейное|17|86|652
Россия|д. Шенкурск|пр. Абрикосовый|16|155|653
Россия|п. Верхний Баскунчак|алл. Астраханская|17|57|653
Белорусь|с. Абинск|пер. Астраханский|8|181|653
Украина|ст. Витим|ш. Астраханское|15|35|654
Россия|ст. Каневская|ул. Молодежная|15|44|654
Белорусь|д. Онега|ш. Торговое|18|189|655
Белорусь|клх Кировск (Ленин.)|пер. Мая 1|12|172|656
Украина|к. Тура|алл. Чайковского|8|12|656
Белорусь|ст. Кудымкар|алл. Северная|1|1|656
Россия|к. Самара|наб. Ушакова|10|130|657
Украина|п. Шамары|алл. Сенная|16|30|657
Украина|с. Усть-Калманка|ш. Курчатова|1|194|658
Россия|п. Поярково|пр. Боровой|8|75|658
Россия|клх Балашиха|ул. Рылеева|16|64|659
Россия|к. Углегорск|ш. Пионерское|12|127|659
Белорусь|с. Яхрома|ш. Серафимовича|15|114|660
Белорусь|клх Магадан|ул. Волгоградская|1|72|660
Россия|ст. Эльтон|пр. Курганный|12|40|660
Россия|п. Кунгур|ул. Советов|14|16|661
Украина|д. Яшкуль|ш. Тенистое|14|75|662
Белорусь|д. Лесной (Сверд.)|алл. Дорожная|17|107|662
Украина|д. Шуя|ш. Химиков|8|56|663
Россия|г. Прохладный|наб. Балтийская|6|119|663
Украина|к. Уссурийск|наб. Приозерная|17|46|664
Россия|с. Тобольск|пер. Ленский|3|184|664
Белорусь|клх Сосновый Бор|бул. Воронежский|1|54|665
Белорусь|клх Алдан|ш. Урицкого|8|36|665
Белорусь|ст. Дербент|алл. Сенная|11|67|665
Россия|клх Заводоуковск|ш. Новгородское|14|150|666
Украина|п. Тула|ул. Металлистов|8|28|666
Белорусь|с. Джубга|бул. Тюленина|7|8|666
Россия|п. Находка|бул. Культуры|4|162|667
Белорусь|д. Мокшан|пр. Демьяна Бедного|14|88|667
Белорусь|д. Хасан|ул. Кошевого|15|125|668
Россия|г. Ростов-на-Дону|бул. Путевой|19|126|668
Белорусь|г. Каргополь|бул. Толстого|7|65|668
Украина|д. Октябрьское (Хант.)|ш. Свердлова|18|177|669
Белорусь|г. Нурлат|наб. Смирнова|9|38|669
Украина|г. Губкинский|алл. Труда|4|132|670
Россия|г. Горячинск|пер. Горняцкий|11|127|670
Украина|д. Уварово|ул. Лунная|18|62|670
Белорусь|г. Майкоп|ул. Сосновая|8|88|671
Россия|с. Сортавала|пр. Лунный|13|199|671
Россия|п. Игнашино|ул. Тополиная|18|65|671
Россия|п. Воркута|алл. Механизаторов|15|130|672
Россия|г. Пышма|наб. Казанская|15|13|672
Белорусь|клх Смирных|ул. Советская|4|4|672
Украина|с. Тосно|алл. Литейная|2|139|673
Украина|п. Галич|ул. Угловая|13|193|673
Белорусь|д. Уварово|пер. Песочный|2|105|674
Украина|с. Тюмень|пр. Чапаева|5|173|674
Украина|с. Темрюк|наб. З.Космодемьянской|15|75|674
Белорусь|ст. Елец|бул. Короленко|16|42|675
Белорусь|г. Мезень|ул. Геологов|5|158|675
Украина|с. Смоленск|пр. Ореховый|17|93|675
Белорусь|с. Губкинский|наб. Иванова|19|68|676
Россия|д. Бавлы|пр. Краснопартизанский|5|66|676
Россия|г. Горячинск|пер. Олимпийский|2|112|677
Украина|ст. Буденновск|пр. Лесозаводский|19|21|678
Украина|к. Северодвинск|бул. Ленина|1|39|678
Белорусь|к. Лабытнанги|наб. Коммунистическая|10|184|679
Белорусь|к. Верхний Тагил|пер. Прохладный|4|96|679
Украина|п. Калачинск|алл. Набережная|16|179|680
Россия|к. Томск|алл. Портовая|14|174|681
Украина|г. Елец|пр. Безымянный|5|20|681
Белорусь|д. Шамары|пер. Демьяна Бедного|18|16|682
Россия|п. Сунтар|ул. Элеваторная|8|37|682
Украина|клх Кижи|наб. Астраханская|1|102|683
Россия|г. Кизляр|алл. Майская|5|132|684
Россия|п. Юрьев-Польский|пр. Санаторный|10|101|685
Россия|клх Можга|ш. Станиславского|8|117|685
Белорусь|клх Поярково|пр. Прудовой|11|85|685
Украина|ст. Иваново|наб. Красных Партизан|14|48|686
Украина|ст. Грозный|пер. Шевченко|14|100|687
Украина|клх Середниково|алл. Санаторная|14|93|687
Россия|п. Печенга|ул. Дорожников|16|189|687
Украина|с. Новомосковск|наб. Вахитова|12|138|688
Украина|с. Нефтегорск (Самар.)|пр. Средний|5|69|689
Украина|ст. Лесной (Сверд.)|ул. Кузнецова|15|152|690
Россия|клх Оренбург|бул. Южный|16|66|691
Белорусь|г. Адлер|ул. Поселковая|16|76|691
Украина|к. Диксон|наб. Иванова|7|90|692
Украина|ст. Усть-Кулом|пер. Кавказский|10|8|692
Белорусь|п. Оленек|бул. Тепличный|2|68|692
Украина|п. Колпашево|пер. Астраханский|4|156|693
Белорусь|клх Назрань|наб. Широкая|17|143|693
Белорусь|клх Диксон|пер. Березовый|14|107|693
Белорусь|к. Сухиничи|наб. Механизаторов|5|84|694
Белорусь|к. Калевала|ш. Черемуховое|13|152|694
Россия|ст. Уренгой|ул. 1 Мая|15|157|694
Россия|г. Нижнекамск|пр. Целинный|17|171|695
Белорусь|к. Анадырь|наб. Воровского|4|35|695
Белорусь|г. Сеймчан|ул. Просторная|6|148|696
Россия|п. Печенга|алл. Мостовая|18|166|696
Россия|клх Семлячики|пр. Заречный|7|131|697
Россия|с. Ведено|бул. Краснопартизанский|17|11|697
Белорусь|п. Кашхатау|пр. Малиновый|7|113|697
Украина|п. Поронайск|ш. Фрунзе|1|181|698
Украина|клх Мелеуз|алл. Высоцкого|4|112|698
Украина|г. Хасавюрт|бул. Пархоменко|16|174|698
Россия|п. Морозовск|бул. Кочубея|19|10|699
Белорусь|п. Ряжск|бул. Лермонтова|8|150|699
Белорусь|ст. Углич|наб. Шолохова|8|67|699
Украина|г. Певек|пер. Виноградный|18|20|700
Украина|клх Юрюзань|пр. Сибирский|17|11|701
Украина|с. Усть-Калманка|ш. Каштановое|16|25|701
Украина|п. Дагомыс|ш. Дальневосточное|2|10|702
Украина|д. Шелагонцы|ш. Тукая|8|88|702
Украина|д. Благовещенск (Амур.)|ул. Осенняя|11|162|703
Украина|г. Меренга|пр. Черемуховый|9|134|703
Белорусь|клх Александровск-Сахалинский|пер. Кочубея|6|20|703
Россия|клх Ейск|алл. Коминтерна|1|125|704
Украина|к. Иркутск|наб. Брянская|15|132|704
Украина|клх Ульяновск|ш. Глинки|3|192|705
Белорусь|ст. Нижневартовск|наб. Бажова|15|108|705
Россия|д. Новгород Великий|пр. Никитина|13|112|705
Украина|п. Азов (Рост.)|пер. Монтажников|7|86|706
Россия|к. Ухта|наб. Приморская|7|39|707
Белорусь|с. Троицк (Челяб.)|алл. Трудовая|19|6|707
Украина|к. Усолье Сибирское|бул. Амурский|19|116|708
Украина|д. Поярково|ш. Коминтерна|11|193|708
Россия|к. Холмск|ул. Кооперативная|5|20|709
Россия|г. Слюдянка|наб. Амурская|9|158|710
Россия|с. Волоколамск|алл. Боровая|4|13|711
Украина|клх Александровск|наб. Инженерная|9|47|711
Россия|д. Рыбинск|пр. Клары Цеткин|3|168|711
Россия|п. Александровск|ш. Пригородное|13|49|712
Украина|с. Певек|алл. Кирпичная|9|6|713
Белорусь|к. Гусь-Хрустальный|бул. Шишкина|3|131|713
Россия|д. Сусуман|пер. Репина|12|132|713
Белорусь|ст. Аша|ш. Толбухина|12|156|714
Украина|ст. Чермоз|алл. Есенина|6|128|715
Белорусь|ст. Гусь-Хрустальный|алл. Бригадная|12|27|715
Россия|д. Углегорск|бул. Загородный|13|36|716
Украина|г. Углегорск|пр. Щетинкина|1|154|717
Украина|клх Верхотурье|ш. Халтурина|16|171|717
Белорусь|с. Самара|бул. Терешковой|6|120|717
Россия|г. Серафимович|бул. Попова|12|150|718
Белорусь|ст. Старый Оскол|алл. Кутузова|3|70|718
Украина|клх Дзержинск|наб. Невского|5|170|718
Украина|п. Льгов|бул. Полярный|1|84|719
Украина|к. Серафимович|наб. Томская|18|179|720
Белорусь|к. Луховицы|пр. Деповский|2|55|720
Белорусь|ст. Апрелевка|ш. Ломоносова|4|22|720
Украина|д. Любань|наб. Южная|8|105|721
Украина|ст. Югорск|ул. Волжская|12|43|722
Украина|п. Горно-Алтайск|пр. Кольцова|7|192|722
Белорусь|г. Ярославль|бул. Бригадный|8|145|722
Белорусь|п. Борзя|пр. Аэродромный|14|63|723
Белорусь|г. Калуга|пр. Свободный|4|141|723
Россия|клх Кириши|наб. Тупиковая|17|13|724
Россия|п. Хоста|бул. Заводской|5|145|724
Россия|п. Волхов|бул. Тенистый|4|113|725
Белорусь|к. Верхотурье|ул. Тюленина|1|71|725
Белорусь|к. Оленегорск (Якут.)|ул. Советов|3|9|725
Украина|с. Магас|ш. Пушкинское|7|181|726
Россия|с. Щельяюр|ул. Циолковского|3|95|727
Белорусь|с. Челябинск|бул. Сибирский|4|14|727
Белорусь|с. Майкоп|алл. Урожайная|1|99|728
Россия|ст. Мыс Шмидта|бул. Привокзальный|15|84|728
Россия|клх Алдан|наб. Тельмана|19|67|728
Белорусь|ст. Североморск|ул. Надежды|3|83|729
Россия|ст. Барнаул|пер. Байкальский|6|132|729
Украина|п. Буйнакск|ул. Курганная|15|1|730
Россия|к. Поярково|пер. Фестивальный|5|56|731
Россия|п. Наро-Фоминск|ш. Кооперативное|1|19|731
Белорусь|д. Улан-Удэ|ул. Воронежская|14|3|732
Белорусь|с. Костомукша|пер. Окружной|2|84|732
Белорусь|к. Певек|пр. Выгонный|10|93|732
Россия|д. Невьянск|пер. Никитина|16|156|733
Украина|д. Ардон|бул. Индустриальный|1|66|733
Россия|ст. Андреаполь|наб. Сахалинская|1|60|733
Украина|г. Сухиничи|алл. Литейная|7|103|734
Россия|ст. Королев|пр. Черняховского|12|105|734
Украина|к. Саратов|ул. Достоевского|6|109|735
Россия|г. Горячинск|ул. Щетинкина|11|103|736
Украина|клх Черемхово|ш. 60 лет Октября|12|170|736
Белорусь|клх Королев|пер. Краснодарский|7|56|737
Россия|ст. Лабытнанги|бул. Рыбацкий|10|28|738
Россия|с. Усть-Камчатск|ул. Речная|12|125|738
Белорусь|г. Муравленко|наб. Свободы|12|103|738
Россия|ст. Шали|ш. Подлесное|16|176|739
Белорусь|клх Тверь|ул. 8 Марта|1|164|739
Белорусь|клх Балашов|бул. Бабушкина|12|59|739
Белорусь|д. Апрелевка|алл. Ватутина|13|16|740
Россия|г. Воскресенск|пер. Мая 1|10|54|741
Россия|д. Уварово|пр. Промышленный|3|135|741
Белорусь|д. Пятигорск|алл. Стадионная|12|18|742
Украина|к. Губкинский|наб. Торговая|3|61|742
Украина|клх Мыс Шмидта|наб. М.Горького|15|150|742
Белорусь|д. Владимир|ш. Хуторское|9|61|743
Украина|клх Ямбург|алл. Краснознаменная|14|64|743
Россия|д. Лысьва|бул. Морозова|1|24|744
Украина|г. Югорск|бул. Пожарского|10|8|745
Белорусь|г. Яхрома|наб. Западная|15|178|745
Россия|д. Углегорск|ш. Подгорное|9|48|745
Белорусь|с. Торжок|наб. Короленко|7|21|746
Белорусь|п. Томск|ул. Майская|8|79|746
Белорусь|с. Туапсе|алл. Победа|3|77|746
Белорусь|п. Сарапул|пр. Украинский|9|103|747
Украина|п. Гагарин|ул. Щетинкина|6|141|747
Россия|клх Устюжна|ул. Партизанская|15|90|748
Россия|с. Кондопога|пер. Парижской Коммуны|3|144|748
Белорусь|клх Сасово|бул. Медицинский|2|108|748
Украина|с. Чайковский|ул. Бажова|10|3|749
Украина|клх Балашиха|пр. Маяковского|16|120|749
Украина|клх Оленек|ш. Энергетиков|3|27|749
Белорусь|к. Новая Игирма|наб. 50 лет Октября|4|77|750
Украина|к. Улан-Удэ|ш. Западное|15|45|751
Россия|г. Середниково|бул. Докучаева|18|115|752
Украина|ст. Руза|ш. Аэродромное|11|56|753
Белорусь|к. Якутск|пер. Дорожников|13|184|753
Белорусь|клх Киренск|бул. Отрадный|10|47|753
Украина|клх Ершов|наб. Дарвина|1|48|754
Белорусь|клх Усть-Илимск|наб. Речная|10|16|754
Россия|к. Вуктыл|ш. Моховое|6|21|755
Россия|д. Инта|пр. Сельский|17|117|755
Россия|ст. Семлячики|бул. Менделеева|6|9|756
Украина|г. Томари|пр. Вишневый|16|14|756
Белорусь|п. Тында|пр. Отрадный|11|121|756
Россия|д. Санкт-Петербург|ул. Гафури|4|176|757
Белорусь|ст. Белый Яр (Томск.)|пер. 9 Января|2|144|758
Украина|д. Пенза|наб. Черноморская|7|132|758
Белорусь|д. Сыктывкар|пр. Максима Горького|19|92|758
Россия|д. Тура|ш. Морозова|7|90|759
Россия|с. Орск|ш. Плеханова|7|119|759
Белорусь|ст. Луга|пер. Краснофлотский|4|51|759
Россия|д. Новгород Великий|наб. Ворошилова|2|58|760
Белорусь|г. Орск|бул. Тупиковый|8|136|760
Россия|ст. Йошкар-Ола|пр. Чернышевского|17|143|760
Россия|п. Междуреченский|ул. Заовражная|17|56|761
Украина|п. Тобольск|пр. Рязанский|4|160|761
Украина|ст. Череповец|пер. Кузнечный|2|3|762
Россия|клх Любань|бул. Хвойный|2|187|762
Белорусь|п. Истра|бул. Воронежский|3|47|762
Украина|клх Охотск|алл. Ленинградская|11|45|763
Россия|клх Тура|пер. Пограничный|17|48|764
Белорусь|г. Канск|ш. О.Кошевого|14|82|765
Белорусь|п. Серпухов|ш. Макаренко|5|63|765
Белорусь|г. Хатанга|пер. Нефтяников|18|37|766
Украина|г. Калачинск|пр. Космический|17|159|766
Украина|ст. Чокурдах|наб. Тамбовская|6|185|767
Белорусь|г. Урус-Мартан|ш. Красноярское|5|18|767
Белорусь|к. Тула|бул. Раздольный|7|130|768
Украина|с. Неплюевка|пер. Ульянова|5|127|768
Белорусь|г. Октябрьский (Башк.)|пер. Кочубея|19|163|769
Белорусь|с. Урус-Мартан|алл. Чкалова|14|133|769
Украина|п. Таганрог|ул. Тургенева|17|177|769
Россия|с. Балашиха|наб. Громова|4|29|770
Россия|п. Алагир|ш. Мичурина|11|181|771
Украина|ст. Калуга|пер. 70 лет Октября|2|171|772
Украина|с. Тамбов|пер. Чайковского|12|85|772
Белорусь|клх Кашхатау|ул. Южная|14|60|772
Россия|д. Палана|бул. Черемушки|16|196|773
Белорусь|п. Белокуриха|наб. О.Кошевого|14|171|773
Украина|с. Курильск|ул. Бажова|1|30|774
Россия|д. Каменномостский|ул. Седова|8|147|775
Украина|п. Алапаевск|ш. Кутузова|15|143|775
Украина|г. Москва|пер. Горького|15|40|775
Белорусь|ст. Партизанск|бул. Детский|5|48|776
Россия|д. Фатеж|бул. Ударный|16|13|776
Россия|к. Арзамас|ул. Хуторская|2|89|777
Белорусь|клх Сургут (Хант.)|ш. Кирпичное|15|188|777
Украина|ст. Цимлянск|алл. Краснофлотская|18|93|778
Россия|д. Далматово|алл. Ломоносова|15|168|778
Россия|к. Жиганск|наб. Народная|13|152|779
Россия|г. Черский|алл. Новая|19|1|780
Украина|с. Уэлен|ул. Высокая|13|103|780
Белорусь|п. Чокурдах|пер. Победа|2|80|780
Белорусь|д. Оса|ул. Мельничная|7|153|781
Украина|к. Нурлат|ул. Партизанская|5|8|781
Украина|г. Чебаркуль|пр. Городской|6|124|782
Россия|с. Котлас|пр. Микрорайон|2|47|782
Россия|к. Лодейное Поле|ш. Минское|19|121|782
Россия|г. Урюпинск|ш. Республиканское|7|102|783
Белорусь|ст. Горячинск|бул. Красных Партизан|6|60|784
Россия|д. Магас|пер. Фрунзе|1|195|784
Украина|г. Саянск|алл. Папанина|6|41|785
Россия|д. Усть-Баргузин|алл. Шишкина|13|75|785
Украина|г. Салехард|пр. Кооперативный|14|50|786
Белорусь|г. Бийск|ш. Розы Люксембург|9|141|786
Россия|д. Сосьва (Хант.)|пр. Кирпичный|2|169|787
Россия|ст. Мценск|ул. Щорса|9|56|788
Россия|г. Ухта|пр. Ломоносова|4|56|789
Украина|ст. Каменск-Уральский|наб. Вокзальная|4|84|790
Россия|к. Кимры|ул. Курская|4|157|791
Украина|д. Устюжна|наб. Минина|12|4|792
Россия|с. Березники|ул. Магистральная|10|186|792
Россия|к. Абинск|пр. Невского|11|178|793
Белорусь|г. Чусовой|пер. Разина|14|43|794
Россия|клх Саранск|пр. Озерный|3|57|794
Украина|п. Ивдель|алл. Уральская|16|152|794
Россия|п. Видное|пр. Докучаева|13|60|795
Украина|с. Камень-на-Оби|пр. Клубный|6|45|795
Россия|клх Красноярск|наб. Кузнечная|12|86|796
Россия|г. Борзя|пр. Механизаторов|6|139|796
Белорусь|д. Лагань|алл. Братская|3|23|796
Украина|г. Усть-Баргузин|ул. Восточная|10|106|797
Россия|д. Грозный|алл. Победы|6|47|798
Белорусь|д. Саянск|ш. Шевченко|14|100|798
Украина|с. Лагань|бул. Революции|4|66|799
Белорусь|д. Балтийск|пр. Пролетарский|7|134|800
Украина|д. Миллерово|алл. Космонавтов|10|74|800
Украина|к. Адлер|наб. Веселая|19|118|800
Россия|ст. Красновишерск|алл. Новоселов|3|164|801
Белорусь|ст. Калуга|ул. Чапаева|6|111|802
Украина|г. Ханты-Мансийск|ш. Серова|11|61|803
Белорусь|д. Воскресенск|ш. Никитина|13|55|803
Россия|к. Билибино|наб. Гагарина|5|132|804
Россия|д. Нерчинск|пер. Кедровый|9|2|805
Россия|п. Новомичуринск|пр. Восточный|3|158|805
Россия|п. Медногорск|ш. 30 лет Победы|8|63|806
Россия|п. Соликамск|пр. Рылеева|15|149|807
Белорусь|с. Кабанск|алл. Макаренко|18|114|807
Украина|г. Апрелевка|пер. Большой|5|135|808
Россия|г. Касимов|пр. Производственный|15|95|809
Украина|г. Усть-Баргузин|пер. Шевченко|1|119|810
Украина|ст. Аршан (Бурят.)|ш. Индустриальное|7|34|810
Белорусь|с. Богучар|ул. Балтийская|3|179|811
Украина|клх Неплюевка|ул. Техническая|15|22|811
Украина|г. Воткинск|ш. Космонавтов|1|129|811
Украина|клх Лагань|бул. Овражный|12|48|812
Белорусь|г. Курчатов|наб. Краснопартизанская|7|118|813
Украина|ст. Шереметьево|ш. Пригородное|12|64|813
Украина|клх Миллерово|ул. Рябиновая|6|104|813
Белорусь|к. Смирных|пер. Ленинский|2|61|814
Белорусь|г. Братск|пр. Саратовский|9|3|815
Украина|клх Крымск|бул. Советский|5|181|815
Россия|д. Лазаревское|наб. Жданова|19|153|815
Россия|д. Усть-Ордынский|пр. Октября|7|101|816
Украина|г. Павловская|пер. Леонова|2|12|816
Украина|г. Оренбург|ш. 8-е Марта|12|21|817
Белорусь|п. Воронеж|пр. Кольцевой|8|189|817
Белорусь|ст. Сусуман|бул. Колхозный|6|23|818
Россия|ст. Октябрьское (Хант.)|наб. Краснознаменная|17|104|818
Украина|ст. Соль-Илецк|пер. Авиационный|13|175|819
Россия|д. Курган|пер. Стахановский|15|149|819
Украина|клх Шали|пр. Морской|5|10|820
Украина|клх Тамбей|пр. Кедровый|5|112|820
Белорусь|п. Соликамск|алл. Казачья|1|148|820
Украина|к. Карпинск|наб. Курганная|10|146|821
Россия|д. Новочеркасск|наб. Энтузиастов|5|33|822
Белорусь|п. Пенза|наб. Терешковой|14|142|822
Украина|с. Чайковский|алл. Гафури|18|87|822
Украина|с. Красногорск (Моск.)|наб. Свободная|15|197|823
Украина|к. Санкт-Петербург|пер. 40 лет Октября|4|188|824
Россия|д. Усолье Сибирское|пр. Ленинградский|13|101|824
Украина|клх Красноуфимск|наб. Гоголя|8|131|825
Белорусь|д. Рославль|наб. Зеленая|6|142|825
Украина|д. Сергиев Посад|наб. Дальневосточная|14|185|825
Белорусь|к. Кажим|пр. Почтовый|9|125|826
Россия|с. Егорьевск|ш. Киевское|13|29|827
Белорусь|г. Гудермес|пр. ДОС|12|96|828
Белорусь|г. Нижнеудинск|ш. Восьмого Марта|9|125|828
Украина|к. Усть-Ордынский|пр. Чапаева|16|1|828
Россия|п. Курильск|алл. Крылова|4|11|829
Украина|г. Петухово|бул. Прибрежный|9|144|829
Белорусь|к. Торжок|ш. Аэродромное|18|88|830
Россия|п. Витим|алл. Союзная|2|98|830
Белорусь|п. Иваново|бул. Чайкиной|14|114|831
Украина|д. Дно|наб. Пролетарская|10|151|831
Украина|к. Новомосковск|бул. Станиславского|19|166|832
Белорусь|к. Слюдянка|ш. Ермака|7|133|832
Россия|п. Вязьма|ул. Большевистская|11|67|833
Белорусь|клх Ишим|пр. Советов|12|128|833
Украина|ст. Тюмень|пр. Юбилейный|1|99|833
Белорусь|к. Чебаркуль|алл. Украинская|6|176|834
Белорусь|г. Шуя|ул. Энгельса|18|170|834
Россия|с. Обоянь|наб. Бригадная|19|116|835
Белорусь|г. Соболево|наб. Дружбы|19|173|835
Белорусь|клх Подольск|ш. Кузнецова|13|83|836
Украина|г. Тулпан|пр. Алтайский|8|141|836
Украина|к. Адыгейск|пер. Коллективный|14|166|837
Белорусь|клх Курчатов|бул. Серафимовича|6|194|838
Украина|д. Домбай|бул. Новостройка|1|187|838
Россия|к. Тамбов|пер. Тракторный|17|90|838
Белорусь|ст. Мезень|алл. Городская|7|6|839
Россия|п. Сковородино|ш. Бригадное|13|105|839
Украина|клх Брянск|бул. Краснодарский|6|133|839
Россия|к. Колпашево|пер. Новоселов|10|105|840
Украина|д. Ставрополь|пер. Партизанский|9|172|840
Украина|с. Серафимович|ул. Московская|17|43|841
Россия|д. Бузулук|ул. Донская|14|52|841
Украина|клх Ржев|ул. Максима Горького|15|102|842
Украина|г. Домодедово|алл. Лазурная|1|110|843
Россия|к. Смирных|пр. Краснознаменный|11|100|843
Белорусь|ст. Поярково|ул. Мельничная|8|25|844
Россия|п. Уфа|наб. Томская|4|51|845
Белорусь|г. Уфа|ул. Механическая|4|15|845
Россия|ст. Усть-Катав|наб. Торговая|7|53|845
Украина|с. Курумкан|ул. Димитрова|6|125|846
Россия|к. Чайковский|наб. Ленинская|9|44|846
Россия|с. Горно-Алтайск|бул. Репина|10|101|846
Украина|клх Бреды|пр. Гагарина|9|118|847
Россия|г. Асино|алл. Киевская|5|94|847
Украина|п. Чебаркуль|ш. Металлистов|2|3|847
Россия|к. Кузнецк|наб. Маяковского|6|185|848
Россия|ст. Владикавказ|ш. Заовражное|14|198|848
Белорусь|п. Томск|пр. Новый|9|22|848
Украина|ст. Тосно|ш. Ярославское|15|147|849
Россия|ст. Горно-Алтайск|алл. Кольцова|6|197|850
Украина|с. Муравленко|пер. Енисейский|2|10|850
Россия|д. Ржев|пр. Ленинский|12|30|851
Белорусь|д. Губаха|ул. Репина|13|8|851
Украина|г. Кириши|бул. Промышленный|2|48|852
Белорусь|д. Рязань|пр. Набережный|12|117|852
Белорусь|д. Палана|пер. Парковый|2|81|852
Украина|д. Долинск|ш. Горное|17|98|853
Украина|к. Ельня|алл. Минская|3|85|853
Россия|п. Дзержинск|пр. Пролетарский|8|1|854
Белорусь|ст. Туруханск|пр. Фестивальный|12|32|855
Белорусь|г. Армавир|алл. Локомотивная|12|93|856
Украина|п. Усть-Катав|бул. Чехова|5|16|856
Белорусь|клх Орел|пер. Красина|9|140|856
Россия|с. Новокузнецк|алл. Мелиоративная|1|40|857
Украина|к. Тотьма|бул. Буденного|5|19|857
Украина|п. Череповец|ул. Донская|15|86|857
Белорусь|г. Ахтубинск|бул. Медицинский|14|134|858
Украина|д. Стерлитамак|бул. Тенистый|12|191|858
Белорусь|к. Дудинка|наб. Строительная|7|155|858
Украина|ст. Усть-Джегута|ш. Титова|12|75|859
Россия|клх Беслан|пер. Социалистический|12|167|860
Россия|с. Солнечногорск|пер. Просторный|7|174|860
Белорусь|ст. Серов|пр. Кузнецкий|11|87|860
Украина|с. Каневская|наб. Овражная|6|38|861
Белорусь|ст. Волоколамск|наб. Громова|14|19|861
Белорусь|д. Саянск|ш. Привокзальное|1|32|861
Белорусь|п. Терскол|алл. Коммунаров|9|49|862
Украина|д. Губкинский|алл. Р.Люксембург|9|188|863
Россия|к. Луховицы|ш. Красное|6|78|864
Россия|ст. Чегем|ш. Дарвина|15|122|864
Украина|с. Хоста|наб. Заводская|18|90|865
Белорусь|с. Соболево|наб. Стадионная|9|6|865
Белорусь|к. Игнашино|алл. Правды|13|138|866
Белорусь|г. Ростов|пр. Верхний|7|194|867
Россия|к. Бугульма|ш. Дружбы|3|20|867
Украина|клх Сортавала|пер. Октября|1|40|867
Украина|п. Каменск-Уральский|ш. Блюхера|8|53|868
Белорусь|ст. Омск|пр. Космодемьянской|16|177|868
Белорусь|клх Хатанга|пр. Полярный|14|8|869
Украина|ст. Владивосток|пр. Пограничный|7|124|869
Украина|к. Гагарин|бул. З.Космодемьянской|19|51|869
Украина|ст. Выборг|наб. Локомотивная|16|75|870
Россия|клх Домодедово|ш. Привольное|16|186|871
Россия|к. Терскол|ш. Ключевое|4|66|871
Белорусь|к. Середниково|пр. Карла Маркса|10|183|872
Россия|к. Черемхово|бул. Почтовый|1|9|872
Белорусь|ст. Троицк (Челяб.)|алл. Тепличная|18|12|872
Россия|г. Домбай|алл. Леваневского|8|76|873
Украина|д. Северобайкальск|алл. Дорожная|9|89|874
Украина|г. Шадринск|бул. Карла Либкнехта|2|193|875
Россия|к. Мценск|ш. 60 лет Октября|6|175|875
Украина|д. Калевала|ул. Магистральная|5|92|876
Белорусь|клх Березники|наб. Учительская|10|194|876
Украина|клх Октябрьское (Челяб.)|бул. Раздольный|5|198|877
Белорусь|п. Ржев|ш. Макаренко|2|85|878
Белорусь|г. Певек|пер. Тупиковый|16|196|878
Белорусь|д. Петропавловск-Камчатский|пер. Зеленый|17|193|879
Украина|г. Токма|ул. Докучаева|10|23|879
Белорусь|п. Поярково|бул. Омский|18|169|879
Белорусь|д. Чермоз|алл. Ленская|1|121|880
Россия|клх Тихвин|пер. Шахтерский|3|134|880
Россия|г. Тутончаны|бул. Космонавтов|2|95|880
Украина|п. Армавир|ш. Торговое|3|63|881
Белорусь|д. Камышин|наб. Правды|4|132|882
Украина|к. Мичуринск|наб. Горная|1|126|882
Белорусь|с. Каменномостский|наб. Фестивальная|4|187|883
Белорусь|к. Нефтеюганск|алл. Циолковского|9|167|883
Украина|д. Суздаль|наб. Первомайская|7|150|884
Белорусь|к. Озеры|ул. Родниковая|9|112|884
Белорусь|к. Алагир|наб. Чайковского|16|195|885
Украина|ст. Зеленоград|наб. Ударная|11|168|885
Россия|д. Белокуриха|ш. Маяковского|15|53|886
Россия|д. Дубна|ул. Калужская|16|191|887
Белорусь|ст. Кировск (Ленин.)|наб. Советской Армии|17|76|887
Россия|г. Внуково (метеост.)|алл. Советская|3|162|887
Украина|ст. Белокуриха|ш. Троицкое|13|119|888
Россия|п. Ельня|ул. Кузнечная|19|128|888
Украина|к. Раменское|ш. Болотное|1|121|889
Белорусь|п. Ельня|пер. Карьерный|4|154|890
Белорусь|д. Онега|алл. Революционная|14|108|890
Россия|с. Кабанск|бул. Базарный|12|28|890
Россия|п. Советский|пер. Парижской Коммуны|6|80|891
Белорусь|с. Томари|ул. Л.Толстого|12|21|891
Россия|с. Кировск (Ленин.)|бул. Папанина|16|130|892
Россия|ст. Тикси|ш. Флотское|2|24|892
Украина|к. Можга|ш. О.Кошевого|3|160|892
Россия|д. Тамбей|алл. Пугачева|13|194|893
Украина|к. Владимир|бул. Чернышевского|1|188|894
Украина|д. Кызыл|пр. Попова|16|137|894
Россия|п. Троицко-Печорск|наб. Славянская|17|168|894
Белорусь|г. Жиганск|наб. Краснофлотская|5|139|895
Украина|к. Лысьва|ул. Овражная|10|19|895
Россия|д. Всеволожск|ул. Лермонтова|12|142|896
Украина|д. Тимашевск|ш. Толбухина|7|98|896
Украина|д. Агата|пер. Льва Толстого|5|194|896
Украина|клх Истра|наб. Медицинская|17|187|897
Украина|клх Осташков|ш. Ручейное|17|153|897
Украина|п. Меренга|ул. Монтажников|9|119|897
Белорусь|г. Сургут (Хант.)|наб. Коминтерна|9|48|898
Россия|д. Сыктывкар|ш. Бульварное|4|48|899
Россия|г. Саранск|ул. Панфилова|13|112|899
Россия|ст. Ухта|ш. Отрадное|15|49|899
Украина|с. Сочи|бул. Маркса Карла|16|185|900
Россия|п. Курильск|пр. Коммунистический|14|54|900
Россия|д. Петухово|алл. Шевченко|8|104|901
Россия|г. Лодейное Поле|алл. 1 Мая|18|130|901
Россия|г. Андреаполь|ш. Репина|18|114|901
Белорусь|с. Токма|ул. 40 лет Октября|2|163|902
Белорусь|п. Можайск|наб. Белинского|18|3|903
Белорусь|п. Серебряные Пруды|ул. Таманская|3|34|904
Белорусь|д. Байкальск|ш. Семашко|7|102|905
Белорусь|ст. Самара|алл. Демьяна Бедного|19|177|905
Россия|г. Москва, МГУ|бул. Павлика Морозова|3|167|906
Украина|с. Хасавюрт|пер. Кленовый|13|120|906
Россия|г. Торжок|пер. Главный|11|39|906
Белорусь|д. Гремячинск (Бурят.)|пр. Космодемьянской|12|98|907
Украина|клх Тымовское|ш. Февральское|17|82|907
Россия|к. Петухово|бул. Новоселов|8|199|908
Белорусь|п. Яхрома|наб. Березовая|17|95|908
Украина|г. Двинской|алл. Азовская|18|190|908
Украина|ст. Углич|ул. Ключевая|12|114|909
Белорусь|п. Иваново|ул. Дзержинского|4|61|909
Украина|г. Снежногорск (Мурм.)|бул. Болотный|11|87|910
Россия|клх Белокуриха|пер. Березовый|13|147|910
Россия|п. Эльтон|пр. Рыбацкий|6|119|910
Украина|п. Черский|ул. Абрикосовая|10|7|911
Украина|ст. Яхрома|ш. Коммуны|1|140|912
Белорусь|к. Уфа|ул. М.Горького|6|161|912
Украина|г. Буденновск|пер. Снежный|8|100|913
Белорусь|д. Катав-Ивановск|наб. Рыбацкая|5|124|913
Россия|д. Ревда (Сверд.)|наб. Ленина|5|138|914
Россия|г. Россошь|ул. Мая 1|6|130|914
Россия|клх Избербаш|пер. Союзный|12|134|914
Белорусь|к. Двинской|наб. Клубная|3|176|915
Украина|г. Обнинск|ш. Енисейское|8|129|916
Белорусь|п. Тольятти|наб. Гаражная|3|136|917
Белорусь|д. Терскол|ш. Ушакова|18|71|917
Россия|клх Геленджик|ул. 1 Мая|15|11|917
Белорусь|клх Гаврилов-Ям|алл. Балтийская|9|89|918
Украина|д. Алдан|пер. Полтавский|4|193|918
Россия|к. Подольск|алл. Парковая|12|50|919
Украина|д. Норильск|ул. Советская|18|186|920
Украина|с. Самара|алл. Заозерная|9|165|921
Украина|клх Курумкан|пер. Веселый|13|39|921
Украина|клх Токма|ш. 40 лет Победы|12|97|922
Белорусь|клх Солнечногорск|пер. Озерный|4|137|923
Украина|ст. Карталы|бул. Береговой|15|112|923
Россия|к. Оймякон|ул. Крупской|19|78|923
Россия|с. Балашиха|ул. Металлургов|7|45|924
Белорусь|с. Шенкурск|бул. Радужный|13|140|924
Белорусь|клх Рославль|пер. Радужный|11|94|925
Россия|п. Шахты|ш. Леваневского|19|49|925
Россия|г. Карпинск|пер. Крылова|13|168|925
Россия|ст. Тикси|ул. Ангарская|3|175|926
Украина|г. Ангарск|бул. Красный|2|34|926
Украина|клх Королев|ш. Заливное|2|60|926
Украина|д. Малгобек|ш. Славянское|7|160|927
Россия|к. Сеймчан|пер. Крестьянский|3|171|927
Белорусь|ст. Верхний Уфалей|бул. Запорожский|10|178|928
Россия|д. Саров (Морд.)|алл. Иванова|1|193|928
Украина|г. Ростов|алл. Окружная|1|5|929
Белорусь|ст. Кыштым|бул. Титова|2|166|929
Белорусь|ст. Фатеж|ш. Шевченко|17|72|929
Украина|д. Кижи|алл. Максима Горького|15|12|930
Украина|к. Дагомыс|алл. Володарского|19|175|931
Белорусь|д. Якутск|пер. Авиационный|4|43|931
Россия|д. Балашов|ул. Шахтерская|14|174|932
Россия|д. Томпа|ул. Бажова|6|9|932
Украина|с. Красноярск|ул. Шахтерская|7|47|933
Белорусь|с. Ирбит|пр. Ленский|8|111|933
Белорусь|г. Палана|наб. Циолковского|12|151|933
Россия|с. Невинномысск|алл. Механизаторов|15|61|934
Украина|г. Иваново|пер. 40 лет Октября|4|9|935
Россия|г. Серпухов|алл. Мирная|15|163|936
Украина|д. Эльтон|алл. Халтурина|4|120|936
Белорусь|п. Завьялиха|наб. Строителей|19|83|937
Белорусь|г. Рубцовск|ш. Революционное|7|134|937
Россия|ст. Липецк|наб. Павлова|3|152|938
Белорусь|ст. Тамбов|пр. Достоевского|1|117|938
Белорусь|ст. Лесной (Сверд.)|ул. Березовая|13|72|938
Украина|к. Диксон|пр. Лермонтова|4|112|939
Белорусь|клх Андреаполь|алл. Кошевого|9|25|939
Россия|к. Псков|ш. Коммунальное|6|41|939
Украина|клх Москва|алл. Тургенева|1|60|940
Белорусь|п. Иваново|алл. Белинского|13|69|940
Белорусь|п. Назрань|алл. Шмидта|12|167|940
Украина|с. Сосновый Бор|ул. Горького|8|46|941
Россия|г. Березники|ул. Новоселов|10|84|941
Украина|ст. Тихорецк|ул. Пограничная|10|40|941
Белорусь|д. Усть-Джегута|алл. Чапаева|10|66|942
Белорусь|д. Сковородино|бул. Таманский|2|128|942
Белорусь|ст. Кыштым|ш. Уральское|17|161|943
Россия|д. Вуктыл|ул. Павлова|17|159|944
Россия|г. Сибай|алл. Ручейная|11|148|944
Украина|п. Нарым|ш. Морское|18|144|944
Белорусь|ст. Бирск|пр. Калинина|18|157|945
Россия|к. Туапсе|пер. Придорожный|10|66|946
Россия|клх Тулпан|пер. Набережный|8|57|946
Россия|к. Ирбит|пер. Клары Цеткин|11|101|946
Украина|п. Тулун|ул. Ярославская|9|16|947
Украина|г. Петухово|алл. Боровая|19|149|947
Украина|к. Двинской|пр. Победы|1|104|948
Украина|д. Игарка|наб. Щорса|12|176|948
Белорусь|д. Белогорск (Амур.)|пер. Папанина|9|33|948
Белорусь|п. Белокуриха|алл. Энергетиков|13|159|949
Россия|ст. Великие Луки|наб. Запорожская|14|72|949
Украина|п. Мценск|бул. Гвардейский|1|20|949
Белорусь|ст. Курганинск|ул. Энтузиастов|4|189|950
Украина|к. Яр-Сале|пр. Тамбовский|2|178|950
Россия|д. Озеры|пер. Российский|19|176|951
Белорусь|г. Шуя|бул. Рябиновый|16|155|951
Россия|клх Черский|пр. Учительский|10|43|951
Белорусь|г. Туруханск|алл. Папанина|12|75|952
Белорусь|д. Хужир|пер. Курчатова|19|24|952
Россия|д. Усть-Илимск|алл. Совхозная|16|156|953
Белорусь|п. Поронайск|бул. Балтийский|7|36|953
Белорусь|клх Оха|наб. Краснофлотская|4|138|953
Белорусь|п. Осташков|ш. Курганное|12|63|954
Украина|клх Ямбург|пр. Коммунальный|8|39|954
Белорусь|с. Нальчик|ул. Смирнова|9|16|954
Россия|д. Кашхатау|алл. Свободная|3|33|955
Белорусь|д. Дагомыс|наб. Севастопольская|16|99|955
Украина|д. Королев|ул. Трудовая|6|58|955
Россия|д. Новгород Великий|пер. Учительский|6|46|956
Украина|п. Якутск|пр. Ореховый|9|46|957
Россия|д. Александровск|наб. Циолковского|4|135|958
Украина|д. Ступино|наб. Свердлова|6|18|959
Белорусь|к. Канск|алл. Кавказская|19|166|959
Белорусь|с. Нижнеудинск|пер. Казанский|13|92|960
Украина|ст. Кемерово|бул. Щорса|13|161|961
Россия|д. Орск|ул. Огородная|6|199|962
Белорусь|д. Истра|ш. Комарова|5|137|963
Россия|к. Белый Яр (Томск.)|пер. Добролюбова|15|8|963
Украина|клх Оленек|наб. Бульварная|5|123|963
Россия|д. Баргузин|наб. Челюскинцев|6|198|964
Белорусь|п. Нефтегорск (Самар.)|пр. Шаумяна|2|117|964
Украина|п. Братск|пр. Тимирязева|4|172|965
Белорусь|д. Красногорск (Моск.)|пер. Азовский|16|77|965
Россия|ст. Элиста|ул. Братская|12|18|966
Россия|клх Тутаев|алл. Лазурная|9|164|966
Украина|д. Балашиха|алл. Крайняя|14|78|967
Россия|к. Уренгой|алл. Береговая|18|9|967
Россия|с. Междуреченский|пер. Союзный|9|68|967
Белорусь|ст. Серпухов|пер. Сурикова|8|187|968
Украина|к. Сортавала|бул. Просторный|9|45|969
Белорусь|п. Сергиев Посад|пр. Шолохова|7|191|969
Белорусь|п. Любань|ш. Правды|18|139|969
Украина|с. Черусти|алл. Интернациональная|8|16|970
Украина|д. Соль-Илецк|пер. Просвещения|15|150|970
Белорусь|с. Усть-Кулом|алл. Новая|10|168|970
Россия|д. Быково (метеост.)|бул. Омский|12|85|971
Россия|клх Новомичуринск|ш. Подгорное|1|143|971
Белорусь|клх Северодвинск|ул. Нефтяников|19|68|972
Россия|г. Кинешма|алл. Березовая|19|80|972
Россия|п. Салехард|бул. Леонова|11|95|973
Украина|ст. Эльбрус|алл. Первомайская|7|126|974
Белорусь|ст. Якша|наб. Шаумяна|7|150|974
Россия|клх Невинномысск|наб. Горная|13|4|974
Белорусь|п. Великие Луки|пер. Придорожный|19|145|975
Россия|д. Томари|ш. Ясное|19|61|975
Белорусь|ст. Гатчина|пер. Подгорный|12|161|976
Россия|к. Кулу|пер. Шмидта|4|40|976
Белорусь|с. Тотьма|пер. Вахитова|15|86|976
Белорусь|г. Оса|алл. Короленко|5|186|977
Россия|г. Усть-Ордынский|ш. Титова|17|14|977
Белорусь|г. Усолье Сибирское|ул. Черноморская|1|9|978
Украина|ст. Снежногорск (Мурм.)|алл. Ворошилова|11|112|978
Россия|п. Андреаполь|наб. Запорожская|15|162|978
Украина|ст. Южно-Курильск|пер. Союзный|14|188|979
Белорусь|п. Кудымкар|наб. Пушкина|19|18|980
Белорусь|п. Анапа|алл. Песчаная|5|181|980
Россия|п. Кондопога|алл. Омская|5|11|980
Белорусь|д. Балашиха|ш. Лермонтова|11|43|981
Россия|ст. Тамбей|пр. Грибоедова|16|194|981
Белорусь|п. Балашиха|ш. Кирпичное|10|73|982
Украина|клх Белореченск|бул. Красных Партизан|2|100|983
Украина|п. Домбай|пр. Панфилова|16|164|983
Россия|клх Бреды|ул. Саратовская|13|187|984
Россия|п. Орск|бул. Володарского|13|144|985
Россия|г. Нерчинск|ул. Краснофлотская|3|67|985
Украина|г. Калевала|пр. Рязанский|3|46|986
Белорусь|ст. Красноярск|ш. Черемушки|17|168|987
Белорусь|ст. Бугульма|пер. Сельский|17|134|987
Украина|с. Кажим|пер. Вольный|11|165|988
Россия|ст. Одинцово|алл. Водников|14|73|988
Россия|ст. Тамбов|алл. Некрасова|8|187|989
Украина|д. Урай|пер. Волкова|8|5|989
Украина|г. Можга|алл. Минина|19|138|989
Украина|ст. Жуковский|наб. Студенческая|1|36|990
Белорусь|клх Мелеуз|ул. Курская|1|74|991
Белорусь|с. Шереметьево|бул. Терешковой|14|55|991
Белорусь|клх Терней|ш. Фурманова|15|184|992
Россия|п. Сызрань|алл. Чайковского|18|38|992
Белорусь|г. Нефтегорск (Самар.)|ш. Раздольное|8|138|992
Россия|к. Липецк|алл. Черноморская|11|46|993
Россия|с. Дудинка|наб. Минина|1|59|993
Украина|г. Адыгейск|ул. Гагарина|11|191|993
Белорусь|к. Каменск-Шахтинский|алл. Парижской Коммуны|10|71|994
Белорусь|д. Алексин|бул. Брянский|2|143|995
Белорусь|к. Краснокамск|ул. Клары Цеткин|12|129|995
Россия|д. Муром|алл. Локомотивная|4|110|995
Россия|ст. Калязин|наб. Полярная|9|167|996
Россия|д. Рыбинск|пер. Гастелло|6|47|996
Белорусь|г. Боровск|пер. Брянский|7|105|997
Россия|ст. Данков|ш. Юности|7|82|998
Украина|д. Фатеж|пр. Жуковского|1|143|998
Украина|д. Нурлат|ш. Мостовое|4|75|998
Белорусь|д. Рыбинск|ш. Матросова|15|151|999
Россия|ст. Кудымкар|алл. Радужная|7|68|999
Россия|г. Слюдянка|ул. Свободная|18|194|999
Белорусь|клх Черкесск|наб. Социалистическая|13|179|1000
Украина|клх Усть-Камчатск|бул. Микрорайон|14|130|1000
Россия|с. Каневская|пр. Рылеева|15|20|1000
