Федорова|Нонна|Болеславовна|1997-10-22|8 (146) 020-8536|gusevaanastasija@example.com|5|0.5
Савин|Капитон|Давидович|1981-04-23|+7 (602) 936-05-08|harlampi_2011@example.com|2|0.4
Панова|Вера|Макаровна|1952-04-06|+7 (222) 472-8348|mamontovmili@example.org|8|0.6
Королева|Евфросиния|Сергеевна|1966-03-03|+7 676 190 0943|foka_47@example.net|1|1.3
Кондратьев|Клавдий|Ярославович|1989-01-12|8 (299) 139-73-61|yandreev@example.org|2|4.5
Селезнев|Аггей|Давыдович|1992-03-10|8 (121) 980-7234|hariton01@example.org|2|2.8
Тимофеева|Антонина|Евгеньевна|1963-11-16|89203807298|oleg_1984@example.org|5|0.2
Овчинникова|Ия|Геннадьевна|1979-05-12|+7 (326) 253-1531|avtonom_90@example.org|5|1.6
Лыткин|Викторин|Терентьевич|1967-08-08|87261036727|viktorija75@example.org|4|3.1
Баранова|Лора|Даниловна|1969-12-11|8 (315) 429-5128|danilovandron@example.net|8|1.8
Фомин|Гостомысл|Матвеевич|1962-11-05|8 (360) 300-25-70|aleksandrovaalla@example.net|2|4.6
Брагина|Нина|Тарасовна|1989-10-25|8 152 895 5655|kononovafaina@example.com|7|1.0
Соболев|Моисей|Германович|1948-02-13|+7 802 447 83 89|kornil1978@example.net|5|2.7
Борисова|Вероника|Геннадиевна|1946-04-08|8 (460) 294-87-00|averjan2017@example.com|7|4.9
Лебедева|Елена|Матвеевна|1971-05-30|+76360933889|julian71@example.net|9|0.8
Никитина|Ольга|Дмитриевна|1951-09-14|+7 (000) 122-0607|moise1978@example.com|8|0.7
Яковлев|Николай|Марсович|1974-11-01|+7 815 933 0285|grigorikudrjashov@example.org|7|3.4
Рожков|Эрнест|Евстигнеевич|1975-01-11|+7 649 025 00 81|foka77@example.org|6|4.1
Алексеева|Нонна|Эльдаровна|1966-11-06|8 (839) 464-72-24|jakub_1991@example.org|8|0.6
Пестова|Валерия|Харитоновна|1949-04-11|+7 796 384 62 32|zueviosif@example.org|3|4.4
Филатова|Ангелина|Викторовна|1960-12-10|+7 (025) 796-40-89|mihe37@example.org|2|3.0
Вишняков|Влас|Ильясович|1957-03-05|8 (905) 627-3574|panfil_1974@example.org|5|1.1
Блинова|Пелагея|Юрьевна|1962-08-15|+7 (745) 411-86-73|gorbachevamvrosi@example.com|3|1.9
Кудряшов|Елисей|Антипович|1959-04-09|+7 396 608 11 72|matveevvladlen@example.net|1|3.5
Лобанова|Светлана|Геннадиевна|1944-04-17|81292854339|mihalovnaum@example.net|4|2.3
Устинова|Нинель|Архиповна|1961-07-29|+7 677 031 54 70|polina_71@example.com|3|0.7
Дьячков|Гремислав|Фокич|1979-01-25|8 251 229 3610|rlapina@example.com|7|2.5
Моисеева|Евфросиния|Матвеевна|1953-04-25|+7 (258) 628-7739|prohor_1980@example.org|5|3.8
Гущин|Викентий|Еремеевич|1947-08-15|+7 950 661 45 61|naum1977@example.com|8|1.0
Буров|Ладислав|Жанович|1993-07-14|8 342 528 2966|lukija91@example.com|1|0.5
Горбунова|Виктория|Анатольевна|1960-07-14|+70307381459|marian21@example.org|2|0.2
Родионова|Фаина|Аскольдовна|1986-07-25|8 (377) 814-5341|dobromislevdokimov@example.net|7|0.9
Гусев|Софон|Ефимович|1990-05-12|+7 (408) 329-38-73|mir_23@example.net|9|3.9
Фадеев|Демьян|Владиленович|1952-07-25|+7 (704) 428-5654|gerasimevdokimov@example.org|6|2.3
Копылова|Валерия|Леонидовна|1983-10-16|+73605138986|saveliterentev@example.org|8|4.0
Жуков|Капитон|Васильевич|1941-02-03|88517144125|ermil_18@example.org|3|3.7
Лихачева|Галина|Кузьминична|1952-04-09|8 774 845 32 07|miheevapollinari@example.net|6|0.5
Крылов|Антонин|Устинович|1992-05-24|8 415 817 9544|boleslav_01@example.org|8|1.8
Шилова|Маргарита|Святославовна|1992-02-21|8 688 962 37 02|tarasovjaropolk@example.org|1|2.1
Шашков|Рюрик|Демьянович|1971-04-18|83014010257|ipati2016@example.com|9|3.5
Самойлова|Вера|Андреевна|1995-01-12|+7 131 276 92 10|ananikrjukov@example.com|8|3.8
Шилов|Влас|Харитонович|1949-01-24|8 (658) 087-0468|radislav_97@example.org|7|3.5
Голубев|Панкрат|Анатольевич|1964-05-16|+7 (694) 661-0245|tarasovjakov@example.com|6|3.3
Дорофеева|Маргарита|Аскольдовна|1995-11-25|+7 (729) 968-3545|jakushevanatoli@example.net|9|0.6
Никитин|Якуб|Юлианович|1995-02-27|+73166362832|ruslantsvetkov@example.net|2|4.1
Прохоров|Силантий|Ефимович|1965-09-24|+7 778 147 73 58|simon_1974@example.com|6|2.2
Игнатьев|Клавдий|Ильич|1957-03-09|+7 577 782 72 54|dementi1990@example.org|3|0.7
Дорофеева|Ангелина|Оскаровна|1959-10-02|8 (925) 346-94-34|vatslavpanfilov@example.com|2|2.3
Пахомов|Феликс|Бориславович|2000-08-08|8 216 309 50 62|margarita76@example.org|1|2.4
Колесникова|Анжелика|Васильевна|1949-02-13|8 (620) 284-16-90|darja37@example.org|1|0.4
Кулагин|Никита|Иосифович|1976-05-21|+7 696 688 1405|varvara_2006@example.com|7|3.0
Гущина|Тамара|Захаровна|1986-04-17|+71381314963|odintsovmina@example.com|5|1.5
Шашков|Дмитрий|Бориславович|1977-03-29|+7 080 744 10 68|elise_2013@example.org|5|0.4
Михеева|Елизавета|Леонидовна|1971-01-22|8 324 861 19 26|denis31@example.org|7|2.8
Мамонтов|Филипп|Анатольевич|1963-03-18|8 589 044 4208|budimir81@example.com|7|2.4
Наумов|Венедикт|Фролович|1960-06-09|+73570116964|nadezhda_1979@example.org|1|1.4
Меркушева|Дарья|Геннадьевна|1943-09-30|+77926361301|antip_87@example.net|9|4.1
Самсонов|Селиван|Терентьевич|1966-05-17|+71169310188|terenti2019@example.net|4|1.9
Семенова|Виктория|Ждановна|1949-12-10|8 204 051 07 81|amos2019@example.com|6|2.1
Захарова|Анжела|Матвеевна|1974-07-28|8 (437) 458-4889|bstepanova@example.com|8|3.4
Матвеев|Ираклий|Абрамович|1977-03-24|8 113 937 28 56|jbikova@example.net|1|1.2
Дроздов|Эдуард|Герасимович|1951-02-04|8 099 467 0032|seliverstshirjaev@example.org|1|2.8
Сафонов|Вацлав|Измаилович|1983-05-10|81772341175|georgikarpov@example.net|2|0.5
Артемьев|Аникита|Демидович|1972-04-21|8 103 628 1435|tamara1972@example.com|6|0.1
Дементьева|Галина|Эдуардовна|1943-05-13|80771527925|januariignatev@example.net|1|0.7
Блохин|Аггей|Харлампович|1949-03-10|+7 (874) 449-72-99|avtonom19@example.org|2|4.1
Рябова|Анжела|Васильевна|1953-08-11|8 423 337 6095|zoja_45@example.net|8|0.1
Белов|Ратибор|Герасимович|1958-04-06|8 985 503 8213|andreevdmitri@example.net|5|3.2
Орлова|Олимпиада|Георгиевна|1981-08-24|8 (517) 759-5415|rostislavlazarev@example.net|3|1.6
Веселов|Фортунат|Елисеевич|1980-09-14|+77538204784|shirjaevakim@example.com|1|0.5
Антонова|Валерия|Валентиновна|1949-09-13|+76354938210|arkadi1982@example.net|4|3.6
Субботин|Никодим|Викторович|1981-12-29|+7 (897) 442-18-69|maja90@example.net|3|2.1
Сергеев|Милен|Федосьевич|1974-01-26|8 289 633 3923|ignati_02@example.org|3|2.2
Фомичева|Маргарита|Феликсовна|1946-05-15|+78993512069|orlovandron@example.org|6|2.9
Белозеров|Любомир|Анисимович|1968-12-14|8 644 394 18 58|nonna14@example.com|2|2.4
Абрамов|Эдуард|Авдеевич|1958-09-18|+7 453 008 09 22|akimivanov@example.com|4|2.9
Суханов|Филимон|Ефимьевич|1980-11-17|+77411387239|feliks_71@example.net|6|4.1
Крылов|Арсений|Федотович|1984-07-26|8 741 582 0649|tihonseleznev@example.com|7|0.9
Воронова|Тамара|Алексеевна|1987-06-23|+7 704 909 04 17|ostromir_36@example.com|6|4.6
Воробьев|Серафим|Измаилович|1996-06-04|8 680 105 01 11|boleslav15@example.org|1|3.2
Жукова|Наталья|Вениаминовна|1949-08-03|83012262845|ivan2001@example.net|2|2.2
Медведева|Раиса|Аркадьевна|1974-08-28|8 111 192 78 90|ostromirefremov@example.org|8|2.4
Харитонова|Наина|Степановна|1948-05-05|+7 (621) 014-55-66|milovan_07@example.com|6|2.2
Давыдов|Добромысл|Валерьевич|1972-05-03|+76974814618|paramon1997@example.com|7|4.3
Кудряшов|Степан|Архипович|1981-12-18|+78997153814|dmitrievborislav@example.com|1|4.3
Кудрявцева|Лариса|Юрьевна|1963-11-29|+77654680176|moiseevirakli@example.com|9|4.9
Копылова|Алевтина|Харитоновна|1985-09-21|87492873671|pantelemon_98@example.org|9|4.4
Зайцева|Валерия|Болеславовна|1955-09-07|+7 (567) 864-9926|bogdanovbojan@example.org|5|1.6
Белякова|Агата|Львовна|1959-02-06|+7 696 733 06 04|adrian_24@example.org|2|3.5
Назарова|Евпраксия|Леонидовна|1941-12-13|8 097 774 2541|ipati_1981@example.net|3|4.0
Силина|Марфа|Степановна|1967-09-04|+7 801 058 0584|belozerovamos@example.com|1|3.3
Шилова|Алевтина|Робертовна|1948-08-30|8 (386) 860-2089|tverdislav1976@example.com|3|1.0
Мухин|Нифонт|Дорофеевич|1941-11-29|+77840268997|komissarovnikanor@example.net|9|4.4
Ковалева|Антонина|Андреевна|1985-10-16|80454326590|bazhenignatov@example.net|6|4.5
Тихонов|Эдуард|Брониславович|1967-02-27|8 (108) 221-89-33|agafja_97@example.com|1|4.3
Мясников|Николай|Харлампович|1963-04-04|8 634 863 14 20|emeljanzatsev@example.com|2|1.3
Мельников|Никифор|Андреевич|1998-06-01|87408728612|pantelemon_1988@example.net|7|1.1
Шестаков|Селиван|Изотович|1992-09-26|+7 232 263 09 46|evstigne_2004@example.net|5|3.5
Кудрявцев|Артем|Харлампович|1978-07-12|8 233 119 9466|firsblohin@example.com|4|4.4
Вишнякова|Пелагея|Александровна|1970-08-05|8 651 524 7823|anzhela_1981@example.org|3|4.2
Сидоров|Ратмир|Вячеславович|1969-11-15|+7 569 202 35 89|timur19@example.com|8|3.3
Федорова|Анжелика|Геннадиевна|1954-02-02|8 488 996 73 73|timur_35@example.com|1|3.2
Воробьева|Василиса|Макаровна|1948-10-14|+7 (181) 560-80-00|kolobovsvjatoslav@example.com|4|3.8
Назаров|Антип|Бенедиктович|1964-04-01|8 911 084 5776|vissarion_06@example.com|1|2.7
Зимин|Тимур|Германович|1977-06-14|+7 (180) 395-6102|fadeevkasjan@example.net|8|0.3
Ильина|Олимпиада|Борисовна|1946-04-22|+7 (588) 731-13-57|pmaslova@example.org|8|1.4
Брагин|Кирилл|Игоревич|1984-03-20|+73155643901|hohlovfade@example.org|3|2.2
Меркушева|Нонна|Богдановна|1966-09-11|+7 (294) 001-3919|klavdija80@example.net|8|1.3
Владимиров|Изяслав|Чеславович|1990-03-21|8 811 255 9198|pavlovipat@example.com|1|4.3
Беляков|Януарий|Александрович|1967-08-30|+7 (268) 639-5641|karl_17@example.net|9|1.8
Вишнякова|Елизавета|Болеславовна|1945-08-31|80074069173|marija_04@example.net|7|3.4
Егоров|Ираклий|Изотович|1944-09-22|8 (837) 639-54-95|panfilovapelageja@example.org|1|1.2
Нестеров|Еремей|Захарьевич|1941-01-25|+7 542 269 0629|xgureva@example.org|4|2.7
Пономарев|Якуб|Давидович|1944-07-23|8 407 529 8225|emeljan73@example.com|3|4.8
Родионов|Клавдий|Вилорович|1973-03-01|8 199 811 4854|askold_36@example.com|5|4.9
Беспалов|Петр|Фёдорович|1982-08-20|8 (695) 292-40-78|pahomovvladimir@example.net|9|1.3
Панфилова|Эмилия|Юльевна|1975-08-28|8 (213) 804-7104|rvolkov@example.com|9|2.2
Красильников|Модест|Иосифович|1977-07-20|8 638 657 6171|egor2021@example.org|4|1.1
Сорокин|Афанасий|Гурьевич|1982-01-11|+78353165294|fedosibespalov@example.net|6|3.0
Ильин|Лавр|Васильевич|1965-05-28|+7 (625) 362-2434|savinrjurik@example.net|7|0.2
Моисеев|Зосима|Тимурович|1999-11-21|+77630931282|osipovaraisa@example.net|6|4.6
Никитин|Лазарь|Ермолаевич|1997-01-29|+7 819 711 35 14|venedikt_2015@example.com|7|3.8
Комаров|Остап|Фролович|1974-06-04|+7 (175) 564-77-35|anatolizimin@example.net|9|1.7
Шубин|Ян|Бориславович|1967-06-15|8 847 213 99 41|juvarov@example.net|6|0.7
Степанова|Глафира|Юрьевна|1989-08-03|8 304 880 99 45|aksenovmihe@example.net|9|0.4
Федотов|Артем|Филатович|1971-04-11|8 (402) 494-3597|natansharapov@example.com|1|4.7
Комиссарова|Людмила|Архиповна|1948-11-09|+7 276 800 2835|pmakarova@example.org|6|2.8
Сергеев|Борислав|Игнатович|1972-08-20|+7 (089) 204-1000|tit_1981@example.org|1|4.0
Моисеев|Творимир|Терентьевич|1977-11-23|+7 832 512 73 01|emeljanovruslan@example.net|4|1.0
Соболев|Конон|Григорьевич|1962-11-24|8 (287) 482-2203|ruslan22@example.net|7|1.2
Пестов|Евсей|Юлианович|1989-10-25|8 (180) 209-49-83|davidgorbunov@example.net|3|4.6
Елисеев|Боян|Иларионович|1992-08-10|+7 890 491 31 84|filimon30@example.com|2|3.7
Меркушева|Марфа|Васильевна|1958-07-20|+7 (480) 284-2011|uljanrjabov@example.org|9|1.4
Прохорова|Надежда|Николаевна|1969-04-26|+7 687 412 1989|loginovavarvara@example.net|5|0.7
Карпов|Аникита|Вячеславович|1964-05-27|+7 (432) 291-3694|sofija_1991@example.com|9|1.2
Константинова|Майя|Аркадьевна|1953-02-17|+7 (965) 339-62-82|maksim80@example.net|4|3.0
Кошелева|Клавдия|Олеговна|1990-09-23|+7 872 894 7934|viktoraksenov@example.org|9|4.5
Тарасов|Вышеслав|Аверьянович|1942-07-25|8 110 544 77 84|angelina2015@example.net|7|2.1
Муравьев|Фрол|Александрович|1987-10-06|+7 986 005 0690|sokrat_89@example.org|2|0.7
Ковалева|Елизавета|Романовна|1979-02-15|+7 (466) 042-2581|oktjabrina2013@example.org|3|3.3
Крылов|Михей|Геннадиевич|1995-02-26|+7 729 361 2311|arefi_41@example.com|9|2.7
Копылов|Модест|Филиппович|1975-01-24|+76089317010|zhanna_1984@example.com|4|0.5
Муравьева|Ольга|Ниловна|1951-12-02|+7 (782) 590-2660|kornilovsofron@example.net|7|3.5
Ефремов|Лука|Игнатович|1960-03-27|8 (041) 280-98-13|ovchinnikovdenis@example.com|3|1.1
Семенов|Святополк|Георгиевич|1988-04-19|8 835 696 16 82|irakli11@example.com|9|0.3
Шестаков|Святослав|Афанасьевич|1951-12-07|8 (476) 588-65-01|bojandmitriev@example.org|3|2.6
Ермаков|Авдей|Фролович|1999-08-18|8 471 281 4287|konstantin_46@example.org|3|1.2
Суханов|Зосима|Филиппович|1995-12-13|8 (797) 733-7255|efim2016@example.com|1|1.1
Бобылева|Ангелина|Ильинична|1978-03-07|8 884 238 2832|tamara_06@example.org|7|0.7
Зуева|Виктория|Викторовна|1969-08-08|+7 (825) 884-5581|tatjana_1988@example.com|8|4.0
Комиссарова|Ольга|Кузьминична|1986-10-29|8 782 619 09 12|gavrila_22@example.net|2|3.4
Комарова|Валентина|Кузьминична|1959-08-15|8 568 971 6312|januari2013@example.org|2|1.3
Силина|Ираида|Сергеевна|1968-11-25|8 (398) 066-4209|apollinari71@example.com|5|2.9
Щукина|Феврония|Анатольевна|1951-07-02|+7 495 635 4596|shestakovaevfrosinija@example.net|2|0.8
Маслов|Христофор|Аверьянович|1983-05-02|8 (112) 350-20-85|vseslav_1973@example.net|1|1.9
Иванов|Боян|Даниилович|1974-07-25|+71224233668|nikon1985@example.net|3|1.3
Наумова|Октябрина|Эдуардовна|1976-01-18|+7 (834) 241-62-62|kononovaantonina@example.net|6|3.6
Суханов|Орест|Гаврилович|1985-05-11|+7 (283) 473-6892|olimpiada68@example.com|8|4.4
Уваров|Всеволод|Герасимович|1959-06-11|+7 (956) 224-7381|nmoiseev@example.com|1|1.4
Павлов|Адам|Якубович|2000-02-15|+7 310 999 7232|jan_17@example.org|6|1.5
Лобанова|Феврония|Викторовна|1967-10-01|+7 543 976 33 33|drozdovladislav@example.com|2|2.8
Устинов|Александр|Тихонович|1955-03-15|8 410 601 68 47|vadim_1972@example.net|2|2.8
Афанасьева|Светлана|Эдуардовна|1953-10-04|87829339418|panfil1997@example.com|6|3.4
Лаврентьев|Панкрат|Яковлевич|1984-12-03|8 (320) 910-54-08|kulakovaksenija@example.com|1|0.6
Коновалова|Мария|Валентиновна|1961-12-08|+7 (564) 734-4615|maja_2020@example.com|3|3.7
Аксенова|Надежда|Георгиевна|1967-06-05|8 (078) 397-72-42|rogovaveronika@example.org|1|3.0
Прохорова|Регина|Феликсовна|1960-02-04|8 815 977 02 03|evdokija_1974@example.org|5|2.7
Николаева|Таисия|Альбертовна|1984-03-14|+7 (366) 935-21-46|innokenti36@example.net|6|1.3
Федосеев|Милен|Витальевич|1963-06-23|8 027 638 68 23|petr72@example.net|4|3.6
Жданова|Антонина|Артемовна|1958-02-09|+7 (321) 845-7411|venedikt_1994@example.net|6|1.1
Баранова|Агафья|Эдуардовна|1969-12-28|8 346 268 7626|kuzminiosif@example.com|8|4.4
Кабанова|Октябрина|Леонидовна|1960-11-17|+79228027035|jakub_1977@example.com|9|1.4
Андреев|Вадим|Вилорович|1991-02-08|8 453 842 90 91|fekla70@example.org|1|3.8
Мамонтов|Виссарион|Вячеславович|1963-03-05|+79768296770|kondratevmilen@example.com|7|1.7
Бирюков|Милий|Венедиктович|1981-12-07|8 (660) 817-2558|semenovizjaslav@example.com|9|1.2
Калинина|Агата|Васильевна|1980-08-24|+73547068666|stojan1998@example.com|9|3.2
Бобылева|Анастасия|Егоровна|1997-08-25|8 183 127 20 36|visheslavmarkov@example.net|9|3.8
Калашников|Корнил|Гертрудович|1962-05-31|+7 436 184 3033|ferapont52@example.com|7|4.6
Рожкова|Светлана|Константиновна|1999-04-11|+7 519 363 25 78|titkulakov@example.org|1|0.3
Савина|Лора|Анатольевна|1986-11-28|8 166 841 8334|firs1992@example.com|8|1.6
Носова|Таисия|Тарасовна|1982-11-22|+7 (309) 728-5351|kudrjavtsevaraisa@example.org|8|3.8
Уваров|Роман|Харламович|1987-11-11|+7 827 382 4813|vfomicheva@example.com|6|4.1
Муравьев|Марк|Юлианович|1973-01-22|8 239 639 7037|solomon_1980@example.net|9|0.2
Смирнова|Марина|Феликсовна|1949-04-21|8 820 353 79 22|evgenija2001@example.org|1|2.7
Горбачева|Лора|Тимуровна|1966-10-26|+70852806171|tatjana_1987@example.org|3|0.7
Борисов|Трифон|Федосеевич|1957-01-07|8 344 825 23 53|kulakovnazar@example.net|1|4.0
Петрова|Иванна|Захаровна|1944-09-04|+7 (925) 817-06-08|taisija_20@example.com|2|1.1
Егоров|Мина|Еремеевич|1995-08-16|8 979 316 41 20|pimen06@example.org|5|1.7
Давыдов|Валерий|Ефстафьевич|1948-01-04|+72462848378|xtsvetkova@example.org|3|1.2
Иванов|Дмитрий|Ефимович|1997-04-29|8 (457) 255-51-41|zahar57@example.net|9|1.2
Коновалова|Вера|Петровна|1976-05-15|8 (397) 710-8507|ugushchin@example.com|1|1.3
Максимова|Мария|Михайловна|1970-12-02|8 258 005 6486|zvladimirov@example.net|4|2.4
Кузнецова|Марфа|Семеновна|1949-04-11|+7 472 149 86 73|sidorovljubomir@example.org|5|0.5
Белов|Виктор|Ильясович|1954-09-04|8 803 310 48 60|prov_2011@example.org|4|4.0
Рябова|Агафья|Кузьминична|1949-12-28|+75438410700|nikita_19@example.net|3|1.5
Доронин|Аким|Ануфриевич|1990-07-17|8 (340) 307-54-89|amosnesterov@example.org|2|3.8
Калинин|Пимен|Григорьевич|1998-07-06|80207612840|avde_22@example.com|5|1.0
Шарова|Надежда|Романовна|1986-07-14|8 (576) 074-3975|ubelousov@example.net|4|4.7
Туров|Аким|Егорович|1986-06-17|+7 989 961 02 15|fokinaolga@example.org|6|4.6
Крюкова|Фёкла|Феликсовна|1952-11-26|8 424 185 67 49|gordeevolimpi@example.com|7|4.0
Исаева|Маргарита|Леоновна|1992-07-20|+7 (910) 574-5972|ikulikov@example.com|6|3.4
Третьяков|Ипат|Якубович|1990-12-25|8 (568) 944-7030|taras_1987@example.net|9|3.6
Родионова|Валентина|Архиповна|1998-02-13|88148475896|kulakovmechislav@example.com|3|2.2
Горшков|Панкратий|Венедиктович|1997-08-26|89273120709|ljubov_1984@example.net|8|3.9
Блинова|Евфросиния|Вячеславовна|1977-03-08|+7 708 794 84 21|krogov@example.com|3|3.6
Евдокимов|Савелий|Архипович|1991-10-31|+7 401 344 6888|savva1987@example.org|5|0.6
Овчинникова|Фёкла|Олеговна|1971-09-09|8 (196) 307-16-18|serafim_86@example.net|9|0.8
Самсонова|Агафья|Эльдаровна|1979-03-09|+7 (786) 069-4206|lafanaseva@example.org|6|2.9
Калашникова|Ангелина|Кирилловна|1987-04-29|82591845660|belousovflorentin@example.com|7|3.5
Орлов|Харлампий|Изотович|1984-03-22|8 (078) 015-4387|jakovlevamargarita@example.org|8|2.6
Ефремов|Аполлинарий|Демьянович|1980-05-20|+7 857 376 02 22|foti90@example.net|7|3.4
Дементьев|Руслан|Иосипович|1959-10-19|+7 (856) 886-58-86|boris1990@example.org|4|0.2
Рогова|Кира|Александровна|1964-05-27|+7 342 674 7949|agata77@example.com|5|2.2
Мельникова|Ангелина|Ильинична|1961-05-22|+7 473 010 2820|solomonovchinnikov@example.com|2|0.1
Михайлов|Ярополк|Владиленович|1965-04-04|8 090 368 3896|kulakovbudimir@example.com|4|0.8
Лобанов|Панкратий|Викентьевич|1962-01-25|87418496474|ernestvladimirov@example.net|5|1.4
Денисов|Порфирий|Тарасович|1998-01-29|+7 533 534 2448|kovalevpahom@example.com|5|1.7
Воробьева|Галина|Сергеевна|1947-07-08|+7 217 226 27 72|mironovsavvati@example.org|7|3.7
Анисимова|Милица|Никифоровна|1970-12-05|82415956866|pestovtimur@example.com|8|1.1
Лыткин|Бажен|Ермилович|1946-09-27|8 (760) 725-28-40|kiselevilja@example.org|4|3.7
Волков|Прокофий|Валерьянович|1947-12-26|8 670 369 7639|belozerovaaleksandra@example.net|1|0.4
Мясников|Егор|Жанович|1992-04-18|8 909 437 7183|samsonovradislav@example.org|5|0.8
Моисеева|Регина|Эльдаровна|1983-12-17|8 (000) 418-7898|ostapseleznev@example.org|6|1.9
Михайлова|Зоя|Кузьминична|1962-10-01|82674920312|alekseevkonstantin@example.net|8|3.6
Казакова|Агафья|Георгиевна|1973-08-07|+7 936 575 11 41|klavdi_1982@example.org|3|4.4
Захаров|Гремислав|Федосеевич|1958-05-07|+7 (039) 415-74-22|jan1987@example.org|7|3.0
Вишняков|Ратибор|Владиславович|1941-06-27|+7 356 818 53 01|svetozar_1979@example.net|5|4.3
Михайлов|Андрей|Адамович|1976-01-20|+78472022644|agafonovatamara@example.org|6|1.9
Волкова|Октябрина|Николаевна|1989-10-14|+7 (930) 063-2100|dorofeevanina@example.com|5|4.8
Воронцова|Прасковья|Феликсовна|1964-09-05|+7 (890) 601-66-54|foka_1997@example.com|3|3.1
Фролова|Ираида|Антоновна|1963-12-03|8 381 456 64 04|zblinova@example.org|7|4.2
Лаврентьева|Тамара|Владимировна|1985-04-05|8 (993) 075-4311|gerasim2016@example.com|9|3.1
Федосеев|Тимур|Евсеевич|1955-06-24|8 (250) 687-1727|demjanvasilev@example.org|4|2.3
Ефимов|Афанасий|Харитонович|1961-06-12|8 (352) 688-9838|akulina_1973@example.net|7|4.4
Яковлева|Нина|Федоровна|1962-03-28|+7 (680) 388-4235|gavrilovkuzma@example.net|4|4.3
Мамонтова|Юлия|Робертовна|1968-10-28|+7 (912) 008-37-44|gpanfilov@example.net|6|3.7
Кулаков|Дмитрий|Измаилович|1945-05-27|+7 732 383 9237|prokl43@example.com|7|2.6
Воронов|Авдей|Трифонович|1954-09-15|+7 (642) 664-45-98|lukjan1987@example.org|5|0.6
Владимирова|Наталья|Дмитриевна|1988-01-23|+7 (974) 326-4391|rjurik_99@example.org|5|4.6
Тетерин|Ульян|Виленович|1976-01-20|8 (506) 282-9847|kozlovborislav@example.org|8|2.0
Комиссарова|Маргарита|Вениаминовна|1951-04-17|+71333026513|pelageja_50@example.com|4|1.4
Копылов|Руслан|Власович|1947-07-27|+76508085639|marfa_2016@example.org|1|2.4
Шилова|Зинаида|Петровна|1951-08-15|8 040 871 88 75|izmail31@example.net|2|3.0
Власов|Лазарь|Харламович|1999-06-09|+7 (163) 405-68-35|martinovvisheslav@example.org|8|0.8
Александрова|Дарья|Тимуровна|1993-07-14|+7 (389) 138-97-34|zaharovnikola@example.net|3|4.2
Михайлов|Эрнест|Герасимович|1959-06-22|8 (189) 427-61-79|vladislav18@example.org|8|2.5
Михеев|Константин|Ильич|1965-10-26|+78064148603|oktjabrina34@example.com|4|2.8
Романов|Онуфрий|Вилорович|1989-12-20|+7 (795) 191-7321|elena2007@example.com|7|0.3
Никитин|Фома|Гордеевич|1975-05-17|+7 824 393 6698|ffokina@example.net|8|3.0
Афанасьев|Епифан|Федотович|1977-12-13|8 023 274 4770|raisa17@example.com|3|3.2
Ершов|Аполлон|Антипович|1965-09-16|8 145 492 9505|praskovja_2017@example.net|1|1.5
Лобанов|Касьян|Григорьевич|1956-03-10|+7 529 078 93 31|pankrati11@example.net|9|4.2
Пестова|Алина|Николаевна|1954-12-26|+7 654 264 2055|harlampigusev@example.com|9|3.9
Гущина|Полина|Федоровна|1967-10-02|8 (123) 225-8952|epifan2021@example.com|6|3.5
Поляков|Семен|Венедиктович|1987-08-01|8 (285) 820-33-55|filippovkapiton@example.com|7|1.4
Мясникова|Валентина|Тимуровна|1943-11-24|+7 011 139 17 02|pankrat54@example.com|8|4.0
Мамонтова|Раиса|Леонидовна|1974-01-02|8 (192) 702-3801|panovalora@example.org|3|4.1
Самсонова|Лора|Эдуардовна|1942-10-04|+7 486 880 30 70|aleksandrovmiroslav@example.org|1|2.4
Михеев|Вячеслав|Захарьевич|1969-11-30|+75624499390|oksana_78@example.com|5|1.2
Мельников|Игнатий|Фролович|1949-03-18|+72256858977|afanasi1997@example.net|9|2.3
Антонов|Евгений|Всеволодович|1944-08-14|8 (128) 050-1324|poljakovavalentina@example.com|6|4.2
Журавлева|Наталья|Ильинична|1944-06-27|+73274621495|leonti98@example.net|6|1.3
Маркова|Эмилия|Романовна|1983-06-28|+7 (539) 398-9393|konstantinovsamson@example.net|3|0.3
Дьячкова|София|Юльевна|1977-07-31|+7 (549) 541-07-57|milovandementev@example.net|2|4.2
Турова|Виктория|Рудольфовна|1960-02-04|+7 (140) 634-6923|zatsevvladislav@example.com|3|3.6
Мартынов|Софрон|Георгиевич|1951-11-27|+7 (312) 723-5941|erofe2006@example.com|2|4.4
Исаева|Агафья|Ильинична|1986-11-24|+7 (480) 827-07-04|ndmitrieva@example.com|2|2.7
Шаров|Агафон|Иосипович|1996-01-06|8 902 596 9960|foma46@example.net|1|2.1
Самсонов|Дмитрий|Ерофеевич|1978-02-27|8 (394) 453-3476|rzhdanov@example.com|3|0.1
Харитонова|Анастасия|Егоровна|1989-08-18|+7 (232) 163-09-18|juri_1980@example.com|4|1.9
Большакова|Полина|Тимофеевна|1950-03-08|8 273 845 4691|mili_2009@example.com|9|3.7
Игнатьев|Прохор|Артурович|1967-01-03|+7 584 860 6793|lavr_1985@example.org|6|3.8
Евсеев|Тихон|Еремеевич|1944-11-19|+7 625 870 61 84|mihalovaregina@example.com|8|1.1
Калинин|Аркадий|Евстигнеевич|1964-02-10|8 (219) 133-9562|efim_2018@example.org|4|1.7
Кириллова|Ираида|Кузьминична|1994-10-15|83339672013|olegermakov@example.net|9|1.6
Одинцова|София|Игоревна|1971-05-17|8 (245) 131-03-20|seliverstovemil@example.net|1|3.3
Гаврилова|Оксана|Рудольфовна|1963-06-05|+7 838 599 4554|kononovtrifon@example.org|5|2.0
Боброва|Валерия|Кузьминична|1990-03-21|+7 (730) 420-87-31|emeljanovavasilisa@example.com|3|2.8
Шубина|Ольга|Станиславовна|1962-12-08|8 (919) 778-8563|feliks2004@example.com|5|3.6
Исакова|Лариса|Вячеславовна|1964-08-19|+75661469575|pimen_2006@example.org|1|3.9
Лебедев|Лев|Федотович|1977-09-14|81640300003|orlovjuri@example.com|7|0.6
Субботин|Изот|Виленович|1987-12-31|+7 (231) 587-0829|vladimirovpavel@example.net|3|1.3
Шаров|Анисим|Егорович|1946-04-09|8 645 898 91 72|varlaamorlov@example.org|4|0.9
Терентьев|Зиновий|Захарьевич|1982-10-19|81500213055|kudrjashovharlampi@example.org|6|1.1
Рябова|Людмила|Васильевна|1955-03-23|8 964 046 75 64|kuzma2013@example.net|7|3.0
Суханова|Лора|Владиславовна|1982-03-18|+7 (172) 473-5611|qkudrjavtsev@example.org|4|0.3
Борисов|Ферапонт|Даниилович|1943-10-04|86329900654|belousovajulija@example.com|4|4.7
Цветкова|Лукия|Кузьминична|1942-06-20|+7 027 645 86 26|odintsovalukija@example.com|8|3.5
Копылова|Антонина|Юрьевна|1956-09-22|8 658 973 07 36|moke2014@example.com|1|4.3
Архипов|Евстигней|Фомич|1994-11-15|+7 393 879 66 36|naumovvenedikt@example.net|6|2.0
Артемьева|Ульяна|Ильинична|1952-05-20|8 (549) 315-2991|sofron1975@example.com|4|3.5
Михайлов|Олимпий|Валерьевич|1941-10-07|+7 531 138 77 18|mseleznev@example.net|5|0.9
Щербакова|Елизавета|Наумовна|1984-07-09|8 (920) 228-70-79|irina_83@example.net|7|1.9
Галкина|Ирина|Валериевна|1977-12-16|8 (108) 873-7618|ladimirbolshakov@example.com|3|0.6
Власов|Викентий|Гурьевич|1994-02-04|+7 (974) 593-4979|dseliverstova@example.net|7|0.7
Шаров|Ермолай|Харитонович|1991-11-17|8 998 649 11 32|oleg_1972@example.com|8|4.2
Галкина|Алина|Львовна|1961-03-19|+7 020 423 33 89|qilin@example.net|4|1.8
Устинов|Ярополк|Якубович|1955-01-31|+7 404 198 47 36|olga_32@example.org|2|4.6
Игнатова|Фаина|Федоровна|1957-12-22|+7 (458) 185-7868|knjazevratmir@example.org|9|1.6
Гордеев|Дементий|Абрамович|1946-04-27|8 492 811 56 00|kvasileva@example.com|4|2.7
Ширяев|Ермолай|Витальевич|1994-10-28|+7 (902) 033-0472|akulina1974@example.com|5|0.4
Кудрявцев|Аким|Юльевич|1990-05-18|+7 (612) 654-9235|qlobanov@example.org|5|3.1
Петухов|Мир|Изотович|1941-01-10|+7 441 210 00 51|suhanovaklavdija@example.net|4|0.9
Комарова|Анна|Кузьминична|1968-05-16|+7 645 404 5110|shilovandre@example.net|9|4.2
Суханов|Аскольд|Феоктистович|1985-03-04|8 438 781 4886|larionovazoja@example.com|6|2.0
Кулаков|Валентин|Ефимович|1976-12-11|8 (612) 299-92-21|filippovaskold@example.org|8|3.7
Баранов|Милован|Елисеевич|1975-04-24|8 (942) 415-44-56|medvedevljubosmisl@example.net|9|0.4
Денисов|Андрон|Дорофеевич|1999-09-21|8 881 826 5573|galkinjuri@example.com|3|4.8
Ефимова|Пелагея|Тимуровна|1965-07-13|+7 112 599 7418|sementarasov@example.net|6|1.6
Сидорова|Тамара|Леоновна|1972-08-02|+7 (163) 745-1904|mbikova@example.com|5|1.5
Давыдова|Ираида|Анатольевна|1997-10-31|+72909915717|ipat2000@example.org|6|3.8
Родионов|Фирс|Вячеславович|1964-08-01|8 (532) 935-5837|trifon_60@example.org|8|3.6
Куликова|Варвара|Артемовна|1959-09-10|+7 882 487 8932|agafonovaalina@example.com|3|1.9
Назарова|Татьяна|Леонидовна|1980-11-05|+7 (444) 451-1186|panfilovmiron@example.com|5|2.4
Меркушева|Татьяна|Ниловна|1993-01-18|+75202498914|alekseevdemid@example.com|2|1.9
Лыткина|Екатерина|Сергеевна|1973-06-10|8 (818) 411-37-70|ernstegorov@example.net|9|0.3
Кудряшова|Октябрина|Константиновна|1990-08-30|8 244 040 8758|fadezuev@example.com|1|4.7
Силин|Мирослав|Давыдович|1985-01-03|8 756 194 07 05|psokolov@example.org|8|4.1
Панова|Вера|Феликсовна|1962-10-27|+7 (500) 979-1338|mironovbogdan@example.org|9|2.5
Ефремова|Алина|Аркадьевна|1993-12-29|+7 483 054 6872|iosif_2020@example.net|4|2.2
Шарапова|Синклитикия|Андреевна|1946-11-28|+7 (544) 012-9426|trifonstepanov@example.net|2|1.7
Мухина|Алла|Аскольдовна|1977-02-15|8 022 709 7651|vishnjakovvjacheslav@example.net|6|0.8
Фролов|Макар|Игнатович|1988-07-22|+7 785 054 50 50|ymuhina@example.org|4|3.7
Поляков|Селиван|Гавриилович|1950-03-29|8 637 524 53 53|prokl_98@example.com|2|2.1
Носов|Владислав|Демьянович|1947-05-08|8 (238) 406-01-21|nikodim1980@example.com|2|1.0
Лихачев|Михей|Ильич|1978-04-30|+78857894149|gorbachevhristofor@example.org|1|0.5
Ефремова|Лариса|Кузьминична|1964-11-06|84371396474|gavrila2007@example.net|8|3.1
Герасимов|Леон|Владленович|1958-11-25|+7 327 295 6529|silvestrkapustin@example.com|5|2.2
Шестаков|Мефодий|Юлианович|1998-09-14|8 757 438 06 14|kornil2001@example.org|6|4.7
Крылов|Радислав|Евстигнеевич|1983-01-02|8 897 505 7375|lukabikov@example.net|7|4.7
Веселов|Ратмир|Викторович|1990-07-02|8 (348) 789-8989|subbotinladimir@example.org|3|2.2
Козлова|Ангелина|Харитоновна|1987-11-03|+7 093 745 0085|xsilin@example.com|5|1.7
Мишина|Жанна|Леоновна|1961-08-11|+70434261037|konstantin_28@example.com|9|0.7
Белоусов|Аркадий|Борисович|1963-10-29|+7 (703) 388-33-81|isa1978@example.net|7|0.7
Аксенов|Милан|Георгиевич|1959-04-06|8 (777) 892-4825|sofija72@example.net|1|3.4
Корнилов|Захар|Демьянович|1985-12-11|+71030509766|baranovaevfrosinija@example.org|1|4.7
Фокин|Митофан|Венедиктович|1980-02-26|+7 872 242 55 81|innokenti19@example.org|1|3.9
Евсеев|Андрон|Ааронович|1993-01-05|84954545652|ekulakova@example.org|3|4.9
Семенова|Эмилия|Матвеевна|1956-06-27|+7 175 415 9405|radovan99@example.com|5|0.8
Дорофеев|Сильвестр|Даниилович|1980-07-15|+7 333 734 7700|antonina2011@example.net|2|3.4
Кириллов|Изот|Афанасьевич|1951-06-03|8 (211) 376-3504|irina_1981@example.org|5|3.4
Соловьев|Парамон|Григорьевич|1989-09-06|8 (380) 509-25-62|lapinairina@example.com|1|3.6
Веселов|Валерий|Иларионович|1954-02-02|8 (681) 357-1265|prov1986@example.net|4|2.0
Кулаков|Зосима|Фадеевич|1946-02-18|+7 (012) 151-6911|tretjakovamarina@example.com|6|4.2
Горбунова|Алла|Геннадиевна|1967-07-03|+7 930 931 39 01|prokofi_93@example.net|3|4.4
Елисеева|Зоя|Оскаровна|1972-01-25|8 627 523 4621|agata_1972@example.net|1|0.9
Силин|Евгений|Зиновьевич|1996-08-09|+7 (934) 298-2774|gromovpanfil@example.com|4|4.4
Мясников|Фотий|Бориславович|1980-07-14|8 667 620 7195|burovaagafja@example.com|7|4.0
Савельева|Фёкла|Святославовна|1992-10-08|82610344310|qzaharova@example.org|2|4.3
Петухов|Петр|Игоревич|1967-06-01|8 099 205 9650|ivanovevdokim@example.org|5|3.1
Игнатова|Александра|Оскаровна|1951-05-04|8 (544) 098-03-32|eleonora_76@example.com|2|0.7
Евсеева|Алина|Аркадьевна|1966-02-14|+7 (709) 575-06-57|zzhuravleva@example.net|3|0.5
Носов|Варлаам|Александрович|1967-07-14|+7 283 623 23 12|semenovanonna@example.net|9|4.3
Горшков|Аполлон|Зиновьевич|1976-09-06|8 (022) 358-88-41|miron_1994@example.org|3|2.6
Богданова|Александра|Алексеевна|1955-11-16|+7 (271) 772-79-89|pankrat_2002@example.org|6|2.5
Копылов|Гаврила|Александрович|1976-02-07|+7 (180) 012-87-64|asilina@example.org|7|0.4
Дьячков|Трифон|Феодосьевич|1984-10-08|8 (134) 649-4468|marina_83@example.net|9|1.2
Кудрявцева|Лора|Юрьевна|1943-11-17|8 (650) 768-06-97|andre_1970@example.net|7|3.9
Воробьева|Агата|Петровна|1952-09-05|+7 526 137 6487|gorbachevaoksana@example.net|5|0.1
Макаров|Гостомысл|Устинович|1994-11-16|+77525010686|epifanbogdanov@example.org|5|2.1
Мельников|Вячеслав|Власович|1978-01-02|8 (217) 897-63-08|rbirjukova@example.com|4|3.6
Гордеева|Кира|Алексеевна|1942-11-08|+7 (806) 939-5492|chernovasvetlana@example.org|4|4.5
Лыткин|Эраст|Яковлевич|1985-02-18|8 (553) 196-04-08|aleksandrovandre@example.net|6|4.3
Рыбакова|Лукия|Тимофеевна|1971-08-25|+7 506 443 90 56|martin_22@example.com|1|0.5
Ефимова|Элеонора|Эльдаровна|1943-10-11|8 708 665 9865|antonovpahom@example.com|6|0.6
Пахомова|Кира|Никифоровна|1975-11-01|89795491575|vsevolod52@example.org|1|4.3
Никонов|Михей|Харламович|1996-12-04|8 (871) 037-9813|agge_2001@example.net|6|1.8
Пестова|Глафира|Макаровна|1977-04-21|8 170 296 8438|emmanuilmartinov@example.org|3|0.7
Журавлева|Пелагея|Вениаминовна|1947-12-10|8 961 545 06 78|innokenti1976@example.net|9|4.2
Воронов|Марк|Елисеевич|1993-11-18|+75414931202|kulaginipati@example.org|3|1.1
Самойлов|Карл|Артёмович|1971-02-21|85641186534|serge56@example.net|3|0.2
Мельникова|Алевтина|Альбертовна|1962-06-13|+7 (894) 565-09-34|demidjudin@example.com|2|4.4
Иванова|Кира|Леоновна|1951-10-08|+78416389718|jakov_46@example.com|4|2.6
Сафонов|Панфил|Даниилович|1965-05-14|8 244 448 80 27|fekla_1977@example.com|2|4.7
Зыкова|Полина|Васильевна|1942-07-18|+7 845 789 8621|tihon_2015@example.org|6|3.7
Горбачев|Ладимир|Жанович|1960-10-26|+7 (466) 045-46-79|saksenov@example.org|6|0.4
Тихонова|Пелагея|Матвеевна|1977-08-27|8 623 732 3952|elena_36@example.com|5|0.3
Зыков|Нестор|Гертрудович|1991-05-02|+7 (956) 076-09-04|usavina@example.net|4|1.4
Осипова|Нинель|Васильевна|1977-05-05|8 (258) 023-9773|mitofan_1990@example.org|9|3.1
Сорокин|Рюрик|Ефремович|1995-05-18|8 (274) 330-08-46|izmail50@example.org|1|0.9
Константинов|Константин|Ерофеевич|1970-11-21|+79063813897|ivanna_1990@example.net|1|2.0
Буров|Фирс|Геннадиевич|1990-06-29|8 714 985 48 56|fortunat1972@example.net|5|1.3
Кириллов|Всеслав|Ярославович|1965-09-13|8 (031) 455-75-27|nikodimshashkov@example.com|4|3.2
Смирнова|Клавдия|Кузьминична|1988-04-07|8 958 902 0813|apollinari_1974@example.org|1|4.9
Ершов|Болеслав|Давидович|1943-03-12|+7 (799) 737-9817|vlasovamarija@example.com|5|2.4
Панова|Прасковья|Даниловна|1950-01-14|+7 229 670 59 53|mefodi_2010@example.net|3|1.6
Давыдов|Фадей|Венедиктович|1998-07-14|8 (814) 542-85-30|braginamarfa@example.org|8|3.6
Белоусов|Никифор|Игнатович|1946-04-11|8 (091) 509-97-89|nikolaevaoksana@example.com|9|4.5
Силин|Лаврентий|Ермилович|1982-05-13|+7 424 846 6487|maksimiljan_1977@example.org|6|3.8
Виноградов|Эрнест|Виленович|1990-03-23|+7 (763) 981-4416|fokasorokin@example.com|9|3.3
Капустин|Викторин|Борисович|1957-01-03|88945622202|aleksandrovanikita@example.net|5|0.1
Уварова|Мария|Андреевна|1981-07-21|8 029 791 31 74|pavlovprokl@example.net|5|0.1
Михайлов|Вадим|Алексеевич|1993-11-29|+7 693 804 2989|firs_1977@example.org|8|1.5
Баранов|Наркис|Иларионович|1959-03-30|8 (359) 229-74-79|stojankornilov@example.org|7|4.2
Дорофеева|Ираида|Павловна|1955-09-11|+7 (161) 648-4371|tihonkolobov@example.com|4|4.7
Зиновьев|Ипатий|Вилорович|1966-02-18|+7 448 478 5268|vfomin@example.net|3|1.1
Лаврентьев|Георгий|Александрович|1947-02-03|+71092548808|mechislav00@example.org|5|2.0
Попова|Прасковья|Аскольдовна|1985-07-09|+77294154869|beljaevaanna@example.com|3|2.6
Ершова|Кира|Борисовна|1986-03-11|8 (363) 415-91-74|fedoseevamarina@example.org|2|1.3
Новикова|Оксана|Натановна|1959-01-10|+7 (512) 650-99-99|vsemilzhukov@example.com|4|3.1
Жукова|Александра|Даниловна|1949-11-05|8 901 672 63 12|emuhin@example.org|1|3.7
Ефимов|Богдан|Богданович|1946-07-23|+73508619237|evseevanatoli@example.net|1|2.6
Фомина|Оксана|Ильинична|1991-01-11|8 (883) 475-6654|bogdan_13@example.org|7|0.6
Елисеева|Наина|Ниловна|1950-06-20|+7 (016) 140-6666|juvenali_68@example.net|7|1.1
Устинова|Евпраксия|Александровна|1958-07-15|8 (286) 070-68-13|litkinevstafi@example.net|6|3.2
Тетерина|Ия|Вячеславовна|1994-10-02|+7 179 733 95 27|larisa33@example.net|3|4.8
Воронцова|Эмилия|Валериевна|1971-01-10|8 (776) 942-47-85|ignatevhristofor@example.com|2|4.7
Игнатьев|Климент|Ермилович|1961-05-04|8 (067) 902-78-79|provsitnikov@example.org|8|2.8
Куликова|Юлия|Борисовна|1953-06-07|+7 292 274 5095|vasilevfoka@example.org|8|2.1
Архипов|Лаврентий|Арсенович|1984-11-12|+7 (553) 911-21-46|fkolesnikov@example.org|1|2.0
Быкова|Алевтина|Архиповна|1969-02-05|+7 (069) 830-9740|boris_96@example.com|6|2.8
Агафонова|Алевтина|Леонидовна|1994-04-09|+7 (413) 624-5765|cershova@example.net|5|1.1
Дорофеева|Жанна|Аскольдовна|1987-08-05|+7 018 359 46 03|maksim_58@example.com|4|2.0
Терентьева|Регина|Руслановна|1990-06-19|85335365971|andre_1983@example.org|7|3.5
Пономарева|Милица|Вениаминовна|1954-07-07|8 (900) 782-52-33|erofeemeljanov@example.com|4|1.9
Киселева|Анастасия|Рудольфовна|1984-08-22|8 (100) 394-0413|svetlana_12@example.net|6|4.6
Симонова|Алла|Юрьевна|1975-03-23|+7 (470) 150-09-17|uvarovaljubov@example.org|8|4.3
Ермаков|Кир|Виленович|1987-02-18|8 (703) 251-26-36|kulakovamilitsa@example.org|5|0.3
Гущина|Ангелина|Львовна|1984-10-30|85981553856|efomichev@example.com|1|1.8
Матвеева|Нинель|Владиславовна|1969-08-25|8 650 352 24 97|burovnikifor@example.com|8|4.6
Анисимова|Нинель|Ниловна|1980-11-03|8 (406) 909-5338|samolovavtonom@example.com|8|0.6
Наумова|Кира|Руслановна|1978-02-09|88781614380|braginljubomir@example.net|6|4.6
Зуева|Вера|Леоновна|1942-10-04|8 (596) 672-60-73|savintverdislav@example.net|1|0.6
Рожкова|Алла|Юрьевна|1980-08-16|+7 (160) 232-66-49|anikita_88@example.net|4|3.0
Муравьев|Капитон|Арсенович|1944-04-28|89924548179|iosif2004@example.org|8|4.1
Архипова|Екатерина|Эльдаровна|1980-12-31|+7 (424) 518-62-64|nikifor2008@example.com|3|1.7
Фролова|Элеонора|Рубеновна|1945-06-05|+79948272230|onikiforov@example.net|8|0.1
Денисова|Марфа|Анатольевна|1999-04-07|84678129924|alla78@example.net|1|1.1
Петрова|Агафья|Егоровна|1986-06-23|+79938062352|frolovtaras@example.org|6|4.7
Ефремов|Клавдий|Валерьянович|1942-11-04|8 (329) 743-9230|jkrilova@example.net|2|4.6
Дроздов|Евдоким|Глебович|1984-04-20|8 871 891 24 38|veniamin_96@example.org|1|1.0
Макарова|Оксана|Вячеславовна|1967-02-11|8 359 208 3625|dobroslav2007@example.net|1|3.8
Дмитриев|Виссарион|Валерьевич|1995-12-14|+7 673 971 57 67|vlas_27@example.com|2|1.3
Блинов|Антонин|Яковлевич|1953-08-28|89075459399|ateterina@example.org|9|3.9
Григорьев|Родион|Гавриилович|1951-07-22|8 150 034 4198|vikenti2008@example.org|4|0.7
Русакова|Антонина|Никифоровна|1957-11-10|80158645370|luka_1978@example.com|9|0.7
Кузьмина|Эмилия|Геннадиевна|1957-04-25|8 847 251 25 49|adam_77@example.net|9|1.9
Воробьева|Антонина|Вениаминовна|1991-01-07|8 135 525 6543|medvedevjakov@example.com|6|1.2
Самойлов|Тарас|Давыдович|1986-05-08|+7 498 786 9448|cnikonov@example.net|3|3.1
Цветков|Вячеслав|Всеволодович|1965-08-30|84049709617|shestakovsamson@example.com|3|4.8
Рыбаков|Макар|Артемьевич|1963-03-23|+7 (082) 130-30-89|sergeevemil@example.org|9|3.3
Тетерина|Агата|Рубеновна|1950-07-11|+7 (378) 015-1489|veronika_48@example.net|7|4.3
Фролов|Мартын|Димитриевич|1992-12-01|8 (273) 924-4816|kostinfilaret@example.net|3|0.9
Селиверстова|Зинаида|Артемовна|1961-08-25|8 (983) 098-83-52|xgalkina@example.org|1|1.7
Соловьева|Марина|Богдановна|1953-05-17|+7 (443) 322-54-08|viktorija57@example.com|2|2.9
Чернова|Вероника|Ниловна|1979-04-06|82120758036|larionovtimofe@example.com|9|2.3
Елисеева|Нинель|Вадимовна|1957-11-01|+7 (005) 852-46-27|romanovafaina@example.com|9|2.0
Большаков|Панкратий|Данилович|1944-08-19|8 (921) 515-02-97|ilarion_85@example.net|6|4.6
Костин|Демьян|Гурьевич|1950-09-27|+7 (274) 846-2798|nikon90@example.net|8|1.4
Кузьмин|Мина|Александрович|1951-02-14|8 (860) 966-6383|dmitrievfilimon@example.net|6|3.1
Беляков|Федосий|Еремеевич|1964-02-13|8 836 920 27 08|konstantin_1988@example.org|6|3.8
Евсеев|Якуб|Германович|1968-08-07|+7 374 063 00 48|lobanovsofron@example.org|4|3.7
Миронова|Фёкла|Эльдаровна|1961-04-10|+7 (519) 516-3489|borislav_79@example.com|3|2.9
Блинова|Алина|Кирилловна|1948-12-07|8 (975) 493-28-81|dfilippova@example.com|8|3.0
Исакова|Таисия|Анатольевна|1966-07-05|+7 626 557 7744|jakushevboleslav@example.org|3|3.9
Голубева|Агафья|Болеславовна|1996-02-14|+7 (255) 335-3022|vseslav2015@example.net|6|4.0
Ларионова|Валерия|Андреевна|1996-10-10|+72642245676|vorobevnaum@example.org|2|2.5
Кулаков|Тимофей|Анисимович|1984-10-26|+7 (685) 436-33-68|grishinamarina@example.org|2|3.5
Фролова|Ксения|Львовна|1982-06-14|8 131 057 7294|fominsaveli@example.net|5|4.3
Никонова|Агата|Руслановна|1993-04-19|8 185 284 6760|venedikttrofimov@example.org|6|4.3
Кулагина|Людмила|Константиновна|1946-05-10|+7 (389) 795-3365|glafira2012@example.net|9|0.5
Сазонов|Леонид|Ааронович|1962-02-01|8 (685) 145-13-28|solovevmihail@example.org|5|1.5
Некрасова|Эмилия|Болеславовна|1980-03-09|8 936 612 8826|ignati1974@example.com|1|2.0
Мельникова|Фёкла|Богдановна|1989-11-08|8 (690) 342-77-89|qtsvetkova@example.net|2|1.4
Поляков|Иосиф|Абрамович|1975-08-03|82303512717|efimovaanna@example.com|5|4.4
Корнилова|Елена|Артемовна|1985-01-31|8 (970) 108-3015|aleksandrfedorov@example.net|5|2.2
Наумова|Жанна|Владиславовна|1941-07-21|+7 265 432 3155|avde_2006@example.net|7|3.5
Кононов|Митофан|Григорьевич|1998-09-12|8 (710) 100-1784|alina_38@example.org|8|4.4
Бирюкова|София|Робертовна|1970-04-16|8 443 153 46 59|kononovoleg@example.net|9|0.1
Мамонтов|Флорентин|Ярославович|1941-03-31|+75676360595|regina2020@example.net|8|2.8
Казаков|Карл|Фокич|1985-02-23|+7 461 837 79 56|apavlova@example.org|7|4.4
Тарасов|Геннадий|Гертрудович|1983-03-19|85994353624|karpovmaksimiljan@example.com|6|3.9
Королев|Владислав|Феоктистович|1970-05-19|8 399 694 72 12|amosodintsov@example.net|6|1.9
Зимин|Моисей|Валерьевич|1975-11-08|+7 432 388 3379|eduardsavelev@example.org|3|0.9
Котов|Викторин|Виленович|1942-04-21|+7 (220) 907-2134|strelkovsaveli@example.com|8|3.3
Захарова|Зинаида|Робертовна|1995-02-24|8 738 918 65 96|stojan1988@example.com|3|2.2
Комарова|Маргарита|Максимовна|1943-05-17|+7 152 433 07 24|zbobileva@example.org|8|4.9
Кошелева|Светлана|Николаевна|1973-07-02|8 (012) 779-18-38|gorbunovaaleksandra@example.com|6|2.4
Миронова|Людмила|Робертовна|1995-07-10|+79648371469|andronikdementev@example.org|1|3.1
Федорова|Вероника|Вячеславовна|1994-10-11|+7 (882) 505-6871|kulikovanikita@example.net|4|4.1
Цветков|Илья|Витальевич|1943-02-13|8 074 260 45 73|dorofe1993@example.net|2|2.7
Фомичев|Константин|Августович|1978-08-06|+79277825192|evstafi_1987@example.com|7|0.1
Щербакова|Татьяна|Константиновна|1990-11-17|8 457 345 73 89|agata_1970@example.org|1|4.7
Субботин|Борислав|Георгиевич|1960-08-13|+7 (759) 824-4154|gennadi37@example.net|3|2.7
Савина|Людмила|Валериевна|1952-04-29|+70247695524|panovtrifon@example.net|3|4.1
Шестакова|Ия|Борисовна|1987-06-23|8 (719) 447-4442|gavrila_72@example.net|9|4.8
Сафонова|Ираида|Матвеевна|1956-04-06|+7 (471) 620-5883|pantelemonermakov@example.com|4|1.9
Сысоева|Валентина|Рубеновна|1978-06-05|+7 151 716 14 07|terentiavdeev@example.net|2|0.7
Бурова|Элеонора|Максимовна|1943-09-15|8 375 668 13 66|smirnovljubim@example.org|4|2.8
Жданова|Светлана|Ильинична|1990-05-18|+7 (386) 300-3175|qnikonova@example.com|4|2.6
Лыткина|Пелагея|Олеговна|1965-02-13|+72748854801|ykrilov@example.org|5|3.5
Маркова|Анжела|Рудольфовна|1978-08-17|8 411 978 3014|angelina1973@example.org|4|3.0
Федоров|Федот|Харлампович|1966-05-08|+7 522 291 0899|gorbachevavalerija@example.com|1|4.8
Кононова|Прасковья|Оскаровна|1954-04-11|8 (220) 788-96-10|yzhdanova@example.net|8|2.4
Крылова|Маргарита|Степановна|1966-02-19|8 (851) 661-7147|lobanovljubim@example.org|7|3.5
Владимиров|Спиридон|Измаилович|2000-11-17|+76801797465|luka_1977@example.com|1|4.0
Ковалева|Синклитикия|Вячеславовна|1999-10-13|+7 (050) 769-0051|kirillovparamon@example.net|3|2.0
Стрелкова|Юлия|Руслановна|1989-04-02|83935576491|silvestr33@example.org|1|1.5
Никитина|Людмила|Станиславовна|1943-07-03|+7 336 833 70 08|nikitinmarian@example.com|2|1.7
Бобров|Радован|Денисович|1966-12-19|87347294137|ustinovanadezhda@example.org|7|1.4
Логинов|Александр|Евстигнеевич|1993-10-05|8 119 795 7790|foti_25@example.net|4|2.5
Ковалев|Евлампий|Димитриевич|1989-04-19|8 (788) 289-0715|harlampi_1970@example.com|6|0.1
Коновалов|Митофан|Виленович|1991-08-09|+7 688 404 49 64|valerjan_19@example.net|7|4.5
Шилова|Жанна|Тимофеевна|1972-03-11|8 987 784 79 02|veniaminkorolev@example.com|8|0.6
Калинин|Радим|Трофимович|1953-11-28|+76691202282|juvenali_55@example.org|5|2.5
Кошелева|Василиса|Васильевна|1962-12-21|+7 330 107 2561|kulakovmefodi@example.org|6|1.8
Степанов|Леон|Устинович|1947-03-30|+78154810833|merkushevevdokim@example.net|2|4.1
Лапин|Гурий|Чеславович|1941-04-09|8 379 706 6869|ruslan_50@example.com|4|4.0
Мамонтов|Пахом|Жанович|1968-01-24|8 (703) 989-78-33|vissarion_2003@example.com|3|0.3
Селезнева|Нонна|Евгеньевна|1984-05-04|+7 195 262 71 92|miroslav2008@example.net|6|0.6
Никонова|Евдокия|Геннадиевна|1999-03-16|+7 082 067 0201|evdokija2019@example.net|8|1.1
Дьячков|Архип|Ерофеевич|1971-10-12|8 920 026 4871|chernovviktorin@example.com|9|4.6
Петухов|Венедикт|Феликсович|1959-03-03|8 (034) 929-1792|evstigne27@example.com|7|0.8
Шубина|Синклитикия|Егоровна|1983-02-02|8 (665) 553-7472|jaroslav1995@example.org|7|1.6
Антонова|Татьяна|Святославовна|1977-02-24|+71068740215|natalja_2005@example.org|4|1.1
Маслова|Юлия|Кузьминична|1951-11-05|+7 (525) 043-4773|agge02@example.net|4|1.3
Зуев|Аверкий|Елизарович|1966-09-27|8 199 729 60 04|gremislav2020@example.com|2|4.6
Горбунова|Агата|Святославовна|1963-06-25|83289998781|naumovvjacheslav@example.com|4|3.2
Блинов|Исидор|Теймуразович|1984-09-30|+7 (750) 109-6868|harlampipotapov@example.net|2|4.2
Харитонов|Глеб|Феоктистович|1969-11-21|+79964777168|foka1992@example.com|5|2.2
Ларионова|Лора|Эльдаровна|1983-10-02|+71491807579|uljana_1984@example.org|3|2.5
Киселева|Нина|Эдуардовна|1980-10-14|+7 616 506 0105|kirillovaevpraksija@example.net|5|2.7
Субботина|Алла|Святославовна|2000-11-23|+7 (068) 853-40-42|nikodim2000@example.com|5|3.4
Фомичев|Наум|Адамович|1961-07-24|8 566 559 3534|gostomislsamolov@example.com|5|4.8
Кононова|Агафья|Львовна|1987-03-17|+7 (440) 807-42-83|emeljanovkuzma@example.org|4|4.0
Владимирова|Евфросиния|Натановна|2000-11-11|+7 (672) 594-3045|spartak_2013@example.org|9|2.6
Тихонов|Спиридон|Витальевич|1942-09-15|+72988971303|oktjabrina_23@example.org|1|0.6
Ширяев|Галактион|Брониславович|1990-07-31|+7 (562) 309-5236|ignatevjaroslav@example.com|7|4.6
Фомина|Александра|Романовна|1960-07-10|+71975040479|maksimovkliment@example.com|3|0.6
Казакова|Вера|Семеновна|1976-11-14|+7 (965) 567-5039|serge_1979@example.net|3|4.9
Богданов|Лев|Зиновьевич|1951-01-14|+7 989 503 74 79|sinklitikija_67@example.com|5|1.5
Гурьев|Михаил|Валерианович|1990-11-04|8 (412) 230-4424|vadim_00@example.org|2|1.3
Калашников|Вениамин|Юльевич|1992-07-16|86026913690|nosovaelena@example.net|2|4.5
Щукина|Надежда|Ивановна|1983-07-28|+7 987 868 38 69|vjacheslav_2020@example.net|3|1.1
Лукина|Жанна|Максимовна|1988-10-03|8 819 229 1090|gavrilovarkadi@example.org|7|0.6
Давыдов|Викентий|Филатович|1950-03-07|+7 156 747 48 13|sergeevpolikarp@example.com|6|2.4
Тимофеева|Вероника|Оскаровна|1949-03-08|+7 (031) 819-0995|poljakovazoja@example.org|6|3.0
Корнилова|Василиса|Георгиевна|1990-07-26|+7 084 154 13 48|vorobevakira@example.net|5|2.6
Лазарев|Епифан|Димитриевич|1989-08-29|+7 820 298 08 69|rbespalov@example.org|8|3.9
Филатов|Федосий|Ануфриевич|1955-09-19|+7 (428) 819-0358|ivanna60@example.com|9|2.5
Самсонова|Зинаида|Аркадьевна|1948-11-26|+79162410266|evstafi_69@example.com|2|3.1
Шестакова|Акулина|Викторовна|1965-11-29|+77189126625|lidija12@example.org|7|4.1
Самсонов|Софрон|Трифонович|1941-11-08|+7 (768) 833-6346|orehovaagata@example.com|7|1.6
Якушев|Валентин|Валерьянович|1944-09-28|+76959420738|valerjanemeljanov@example.org|8|2.2
Носкова|Евпраксия|Кузьминична|1961-02-23|+7 (662) 077-47-65|olegshilov@example.net|8|1.7
Князев|Вячеслав|Теймуразович|1988-12-12|+7 (933) 817-92-09|ratibor_80@example.net|2|4.1
Казаков|Фока|Чеславович|1961-01-26|8 952 442 20 90|zhuravlevjanuari@example.org|9|2.2
Большаков|Харлампий|Григорьевич|1959-03-28|+74719929071|parfen62@example.com|5|1.7
Архипов|Лукьян|Вячеславович|1975-07-20|8 406 944 9725|ermola63@example.net|5|1.2
Дементьев|Остап|Анатольевич|1951-12-26|8 807 472 4608|pavlovfrol@example.org|5|3.4
Матвеева|Лукия|Федоровна|1944-01-30|8 770 887 2470|vasili2000@example.com|3|4.8
Сорокин|Иннокентий|Иосипович|1975-02-05|+7 553 702 82 14|maslovamarfa@example.com|8|1.3
Лапин|Милован|Ермилович|1974-09-20|+7 527 094 1493|gegorova@example.com|8|0.6
Пестов|Виссарион|Власович|1977-04-30|+7 (496) 958-13-97|yvishnjakova@example.net|7|1.2
Терентьева|Вероника|Станиславовна|1953-07-05|+7 517 093 8049|fokinmihe@example.com|1|2.6
Дорофеева|Эмилия|Вячеславовна|1952-07-22|+76218531480|agurev@example.com|9|3.9
Данилов|Аверкий|Викентьевич|1997-10-10|8 634 281 06 28|nikitinaivanna@example.com|6|2.4
Александров|Панфил|Даниилович|1943-05-21|86564307936|jaroslav89@example.com|4|4.7
Савельева|Зинаида|Андреевна|1990-01-12|8 (649) 117-3914|miheevmark@example.com|8|1.5
Стрелкова|Вера|Рудольфовна|1987-02-21|8 (527) 548-7690|valeri61@example.org|6|2.5
Шарапов|Сократ|Давидович|1979-07-30|8 043 325 5375|fekla32@example.com|8|4.1
Федосеева|Раиса|Дмитриевна|1946-09-24|87068758836|romanovmarian@example.com|8|1.1
Рыбаков|Эрнест|Бенедиктович|1960-11-16|+7 547 572 21 76|ljubomir_68@example.net|4|4.9
Колесников|Сергей|Ильич|1966-01-17|89164216712|subbotintimofe@example.org|1|4.5
Коновалова|Марина|Игоревна|2000-09-28|8 (966) 699-99-22|qsokolov@example.com|5|3.9
Александров|Андрей|Владиленович|1976-10-26|+74613338313|evlampi_54@example.com|1|0.7
Боброва|Людмила|Федоровна|1988-04-24|87220240143|klavdi28@example.com|7|1.7
Цветкова|Алла|Леонидовна|1942-06-21|8 978 411 41 38|epopov@example.net|3|3.3
Евдокимова|Синклитикия|Валериевна|1960-08-24|8 226 017 8758|artemknjazev@example.com|2|2.9
Гусев|Юлиан|Устинович|1942-09-03|+7 174 062 42 88|oktjabrina_2012@example.org|2|0.9
Панова|Глафира|Геннадьевна|1967-07-20|8 091 827 5353|guri1994@example.org|9|4.0
Лобанова|Алевтина|Евгеньевна|1998-11-19|8 (470) 808-86-68|nzhuravlev@example.net|6|1.3
Соловьев|Вячеслав|Ефремович|1964-04-20|+7 108 949 8627|anani2018@example.org|1|4.9
Ситникова|Зинаида|Юльевна|1947-02-15|8 437 760 68 81|zatsevfoma@example.org|1|4.1
Новикова|София|Святославовна|2000-03-26|88607447550|zinovivlasov@example.net|7|2.4
Маслов|Вениамин|Терентьевич|1998-08-29|8 (871) 859-83-67|radislav_1988@example.com|1|2.1
Филатова|Полина|Станиславовна|1952-12-29|8 782 276 85 49|merkushevvsevolod@example.org|1|1.2
Третьякова|Анастасия|Робертовна|1994-12-09|8 (357) 325-6163|natalja77@example.com|1|1.4
Гусев|Любосмысл|Афанасьевич|1943-05-19|8 468 971 5251|gavrila_2001@example.org|8|4.8
Носова|Нинель|Павловна|1975-07-25|8 862 681 4091|kotovnikandr@example.net|4|2.7
Афанасьев|Филарет|Игнатьевич|1982-05-31|8 (060) 388-5644|fsoboleva@example.org|4|1.5
Харитонов|Семен|Измаилович|1964-07-05|8 896 340 75 34|zkarpov@example.com|9|2.0
Беспалов|Евсей|Якубович|1964-02-23|8 (725) 800-7502|evlampi_99@example.com|1|4.0
Субботина|Василиса|Робертовна|1974-11-14|+7 312 835 1179|shestakovaevpraksija@example.com|1|4.2
Дроздова|Лидия|Макаровна|1978-04-03|87078658576|lev_2015@example.net|4|3.7
Брагин|Артемий|Даниилович|1991-09-26|8 851 704 9392|uljana_05@example.com|7|1.5
Федотова|Любовь|Ниловна|1945-05-12|+7 (907) 624-8252|vinogradovamarina@example.com|5|1.7
Ларионова|Полина|Богдановна|1967-11-11|8 (208) 609-3418|nefimova@example.org|7|4.4
Иванов|Георгий|Власович|1974-10-18|8 (532) 270-63-68|martjan1974@example.org|7|2.8
Мельников|Прохор|Владиленович|1992-12-06|+7 (040) 157-95-08|kulagintimur@example.com|8|4.8
Михеев|Игорь|Изотович|1976-10-20|+79910019901|semensolovev@example.org|6|4.2
Кошелева|Октябрина|Святославовна|1943-06-20|+70047434448|nikolaevagafon@example.org|1|3.0
Хохлова|Пелагея|Тимуровна|2000-03-21|+7 288 921 30 70|melnikovsamson@example.com|7|4.5
Белоусова|Анжела|Леоновна|1997-08-18|8 506 329 03 48|bogdanovarefi@example.com|9|3.8
Петухов|Мечислав|Афанасьевич|1998-09-03|8 612 342 75 94|anzhelika2009@example.org|8|4.4
Федосеева|Анна|Тимуровна|2000-09-18|+7 634 782 20 98|ilihacheva@example.com|4|2.4
Авдеев|Святополк|Харлампович|1954-03-21|+7 880 391 4313|tpopova@example.org|4|4.2
Шубина|Алина|Константиновна|1949-04-17|+7 (463) 500-33-79|fomichevanatalja@example.org|8|3.1
Колесникова|Лора|Эльдаровна|1990-05-27|+7 (774) 863-54-53|semenovignati@example.com|6|2.5
Никифоров|Всеволод|Аверьянович|1995-06-23|+7 147 089 9533|lukija1983@example.com|9|3.6
Сафонов|Эммануил|Архипович|1946-03-17|+7 383 503 21 43|morozovfortunat@example.org|2|3.4
Лапина|Марфа|Геннадьевна|1965-03-18|+77352998818|nazar_22@example.com|7|3.6
Емельянова|София|Николаевна|1979-05-28|8 (227) 169-4648|karpovagafon@example.com|4|0.5
Павлов|Ананий|Данилович|1952-12-10|+72789967151|tverdislav_22@example.net|5|1.8
Кононова|Наина|Эдуардовна|1994-04-20|+7 (055) 182-6308|ponomarevgerasim@example.net|6|4.8
Логинов|Софрон|Чеславович|1948-03-13|8 963 680 53 12|melnikovmaksimiljan@example.net|2|3.9
Устинов|Рюрик|Аксёнович|1999-09-05|8 162 402 6486|beljaevakira@example.org|4|0.9
Терентьев|Радислав|Аксёнович|1970-12-04|8 (768) 947-9729|csemenova@example.org|7|0.7
Антонов|Порфирий|Гаврилович|1992-03-29|+7 564 321 31 68|vishnjakovbazhen@example.com|8|4.2
Шаров|Станимир|Елизарович|2000-02-20|8 (385) 672-4162|ershovipat@example.com|4|1.5
Казакова|Екатерина|Евгеньевна|1986-12-13|8 (258) 313-75-78|djachkovnifont@example.com|5|3.4
Назарова|Лора|Сергеевна|1989-07-02|8 047 796 05 34|praskovja_43@example.com|2|3.4
Доронин|Ерофей|Арсеньевич|1947-02-21|+73417106601|naina71@example.org|6|4.3
Новиков|Эмиль|Ильич|1970-12-21|+7 (345) 422-1856|tihonovkliment@example.com|3|1.9
Третьякова|Акулина|Георгиевна|1945-10-21|8 827 649 4947|danila2019@example.com|2|4.5
Морозова|София|Натановна|1969-05-14|+72029490338|tverdislav_1996@example.com|1|2.4
Тихонов|Фрол|Ануфриевич|1992-10-01|+71681324365|romanovaakulina@example.org|5|1.2
Беспалова|Евпраксия|Анатольевна|1943-06-05|8 724 081 18 34|shilovavera@example.net|5|4.3
Ильин|Захар|Трофимович|1994-02-26|+7 045 472 20 63|varlaam_2010@example.com|1|1.8
Кудряшова|Анжела|Феликсовна|1966-07-25|85306571914|anike1986@example.org|9|0.5
Семенова|Милица|Павловна|2000-06-05|+70257636017|krasilnikovnikandr@example.com|1|2.0
Якушева|Тамара|Руслановна|1971-04-23|+7 (957) 141-60-34|filaretkuzmin@example.org|7|2.0
Михайлова|Елена|Никифоровна|1975-11-30|8 580 537 8252|nikandrdanilov@example.net|7|0.5
Васильев|Аполлинарий|Эдгарович|1973-12-12|8 (058) 402-1476|irakli2012@example.net|6|3.5
Большаков|Евстигней|Всеволодович|1988-03-15|+7 (517) 409-54-20|pestovaglafira@example.org|6|3.0
Воронцов|Аристарх|Фокич|1943-12-23|8 (069) 081-55-63|dmitrievstanimir@example.net|4|0.8
Орехов|Прокл|Ильясович|1975-01-06|+78432795764|jgorbunov@example.net|2|0.3
Вишняков|Остап|Егорович|1957-04-09|87920925074|semenovsavva@example.net|1|2.1
Савельев|Вениамин|Георгиевич|1982-01-30|+7 (958) 035-0238|naum27@example.com|7|3.4
Моисеева|Людмила|Макаровна|1985-09-09|+7 186 878 01 39|evgraf73@example.net|6|3.8
Логинова|Елена|Дмитриевна|1946-07-31|86745453065|savva1982@example.com|4|3.5
Денисова|Ксения|Феликсовна|1991-12-16|86271187276|svjatoslavkovalev@example.com|8|3.7
Одинцова|Надежда|Тарасовна|1946-03-23|+7 (446) 830-35-18|kimbirjukov@example.net|7|0.2
Поляков|Азарий|Валерианович|1954-06-11|8 262 428 98 02|odintsovazhanna@example.net|6|0.7
Громова|Феврония|Тимуровна|1984-12-25|+70341708640|izmail27@example.org|1|3.2
Тимофеев|Азарий|Юлианович|1957-04-06|+7 569 536 52 43|solovevsidor@example.com|6|4.0
Мясников|Тимур|Харлампович|2000-04-12|81570831109|demjannikolaev@example.net|5|1.8
Сергеев|Викентий|Жанович|1961-03-30|8 (594) 262-28-40|timurustinov@example.net|9|0.1
Никитин|Матвей|Харлампович|1987-12-25|84186458727|fotilitkin@example.org|2|3.9
Сысоева|Татьяна|Антоновна|1969-03-23|+7 801 911 07 04|zbaranova@example.com|3|2.2
Одинцов|Николай|Авдеевич|1965-11-23|+7 906 152 51 14|veniamin_2014@example.net|4|1.6
Бобров|Прохор|Ануфриевич|1972-05-01|+7 957 210 0780|trofimovatamara@example.net|8|1.7
Бурова|Виктория|Яковлевна|1957-04-11|+7 (907) 563-93-54|qdenisova@example.com|3|2.3
Соловьева|Марфа|Феликсовна|1981-02-03|8 551 039 6697|grigorevsigizmund@example.net|4|4.3
Кононов|Виссарион|Ефимьевич|1959-10-14|8 214 418 9079|natangavrilov@example.net|8|4.1
Щербакова|Агата|Семеновна|1969-10-15|8 269 506 00 18|ernestmuhin@example.org|8|2.3
Титов|Лазарь|Артёмович|1980-08-25|+7 (154) 536-00-05|naumovamarfa@example.com|1|4.1
Вишнякова|Ирина|Артемовна|1978-03-02|+7 217 426 6860|roman2011@example.org|2|4.7
Авдеева|Вероника|Макаровна|2000-02-27|+7 (112) 305-27-90|nina_2001@example.org|5|3.8
Некрасова|Элеонора|Даниловна|1953-07-25|8 182 726 6491|anikita_38@example.com|4|0.7
Александров|Анатолий|Харлампович|1971-05-05|+73963704758|vorontsovboris@example.org|3|1.8
Бобров|Гремислав|Адамович|1984-02-18|+7 (100) 191-42-30|emilija_1997@example.com|1|0.8
Никитина|Валерия|Тарасовна|1977-08-22|+7 (150) 971-8205|lazarlebedev@example.org|4|1.9
Фомин|Игнатий|Герасимович|1976-12-05|8 (766) 886-14-25|januari50@example.org|3|3.2
Колобов|Архип|Димитриевич|1973-06-07|+7 214 262 21 28|gavrilovpankrat@example.net|7|2.5
Тетерин|Михаил|Данилович|1956-03-10|8 (416) 143-25-36|shashkovagge@example.com|3|4.8
Бобылев|Олимпий|Ааронович|1969-06-22|8 (199) 244-17-48|vasilevavksenti@example.net|2|4.0
Авдеева|Татьяна|Филипповна|1980-01-18|+7 911 718 9564|rozhkovjakov@example.org|8|1.8
Полякова|Ирина|Ждановна|1972-11-02|85592885120|bzhukov@example.org|5|1.4
Лазарева|Евгения|Эдуардовна|1993-06-11|8 882 436 6238|lidija_2019@example.net|1|3.9
Громов|Егор|Эдуардович|1946-02-19|88534132650|arhipovladislav@example.org|1|0.8
Рыбакова|Раиса|Антоновна|1977-12-11|8 691 869 68 10|polina_2017@example.net|8|2.7
Орлова|Виктория|Болеславовна|1968-10-09|+7 (913) 710-8973|miron_51@example.com|7|3.9
Васильева|Майя|Святославовна|2000-01-12|81419905610|mironovvarlaam@example.com|9|2.3
Зыкова|Агата|Кирилловна|1966-07-04|8 890 623 4304|lavrenti1978@example.com|3|3.2
Павлова|Милица|Станиславовна|1973-06-20|8 (090) 094-68-59|sila_98@example.org|4|3.0
Брагина|Вероника|Мироновна|1956-01-27|8 638 744 2931|karp_1986@example.org|1|4.5
Суворов|Кирилл|Ильич|1961-09-22|8 012 884 54 92|evlampi12@example.org|1|4.8
Котов|Никандр|Феофанович|1978-01-22|+7 731 413 2739|feofan_1973@example.org|9|3.8
Вишнякова|Светлана|Феликсовна|1941-02-08|+7 (601) 518-99-23|modestsisoev@example.com|1|3.8
Лобанов|Радим|Гаврилович|1955-11-22|+7 (886) 873-05-68|stanislav_1993@example.net|8|3.4
Васильев|Назар|Елизарович|1994-04-03|84670414135|apollonandreev@example.org|8|0.6
Федорова|Раиса|Вениаминовна|1950-07-20|+7 203 702 4503|innokenti75@example.org|7|2.6
Степанов|Адам|Федотович|1943-08-17|+7 (996) 258-9849|pankrati1975@example.net|5|0.4
Козлов|Виктор|Иларионович|1952-09-18|+7 (733) 972-83-65|ereme_1986@example.com|7|2.7
Шилов|Андрей|Ефстафьевич|1970-06-15|+7 (852) 956-3276|teterinratibor@example.org|7|2.8
Рогова|Лариса|Вадимовна|1978-02-28|+73201429329|teteringremislav@example.org|2|3.5
Чернов|Никодим|Андреевич|1986-05-16|8 (763) 445-7317|pisakova@example.com|5|4.6
Данилов|Глеб|Ермилович|1965-11-25|+7 (132) 161-83-08|gerasimovljubosmisl@example.org|6|1.9
Полякова|Александра|Ниловна|1999-07-26|+74212661706|borislav2015@example.net|1|2.0
Матвеева|Евпраксия|Станиславовна|1979-02-10|+74128761152|mitofan2019@example.org|3|2.7
Сазонов|Лука|Иларионович|1986-05-11|87674149538|nikiforovgorde@example.com|9|4.8
Кириллов|Венедикт|Григорьевич|2000-09-27|8 306 317 6258|rjurikdenisov@example.org|2|3.5
Субботина|Жанна|Алексеевна|1981-08-20|8 (268) 274-9894|seleznevvaleri@example.net|6|4.0
Аксенова|Галина|Игоревна|1949-11-08|8 452 578 2331|evse80@example.org|9|1.3
Якушев|Фадей|Витальевич|1985-04-09|+75048479565|serge_47@example.org|6|3.5
Котов|Пантелеймон|Теймуразович|1961-12-30|8 (870) 618-19-11|svetlana1996@example.net|5|2.2
Бобылев|Андрон|Александрович|1970-04-19|+7 787 574 6714|iraida_2007@example.com|9|4.4
Баранов|Гостомысл|Ефимьевич|1951-05-10|+7 244 118 3026|denisovsofron@example.org|6|3.6
Лапин|Андроник|Денисович|1991-08-08|82422775125|fomalapin@example.org|8|3.9
Боброва|Агафья|Ивановна|1976-04-27|+7 720 852 81 47|semen74@example.net|7|4.4
Федотова|Лора|Мироновна|1971-09-14|8 010 488 91 59|mechislav2010@example.net|4|1.8
Бирюкова|Зоя|Ефимовна|1982-09-22|87714984003|evdokija_1985@example.org|2|3.8
Воронова|Ирина|Филипповна|1994-06-19|+7 (011) 577-98-77|martjanvolkov@example.com|2|2.9
Сафонов|Викторин|Валерьевич|1943-10-04|+75033114739|martinovaolga@example.net|2|0.1
Зиновьева|Светлана|Архиповна|1983-12-27|+78772974144|proklgalkin@example.com|7|2.7
Гуляев|Никодим|Ефстафьевич|1994-08-01|+7 217 351 03 42|valerija2007@example.com|6|3.4
Воронцов|Александр|Федосеевич|1963-04-29|8 303 518 5085|amoskirillov@example.org|1|2.5
Лобанова|София|Оскаровна|1958-10-02|+74378486847|kiselevnikola@example.net|9|0.3
Романова|Василиса|Леоновна|1991-10-22|+7 826 806 29 76|radovan_1990@example.org|6|4.4
Игнатова|Элеонора|Ивановна|1952-08-01|+7 (172) 518-7895|eleonora_84@example.net|1|2.9
Самсонова|Элеонора|Семеновна|1966-11-02|8 (604) 230-69-34|bpahomov@example.org|8|0.5
Юдин|Влас|Еремеевич|1949-05-16|+7 (635) 096-4750|julija_79@example.net|2|1.7
Жуков|Аникита|Евстигнеевич|1956-09-15|8 (036) 977-1003|andreevkondrat@example.org|4|2.5
Власов|Азарий|Жоресович|1973-07-24|+7 326 550 7558|ishashkov@example.org|7|2.2
Костина|Оксана|Ефимовна|1960-12-26|82328497502|lsergeev@example.org|9|2.4
Носова|Таисия|Георгиевна|1941-06-03|8 (909) 858-21-16|stanimir_79@example.com|4|1.0
Нестеров|Твердислав|Филимонович|1988-12-05|+7 168 448 3568|gorshkovnazar@example.com|5|3.5
Некрасов|Ким|Измаилович|1967-09-26|+7 (542) 909-6716|dementevdobromisl@example.org|7|4.5
Петухова|Вероника|Михайловна|1954-05-24|+78943742566|konstantinovaevdokija@example.com|7|4.9
Александров|Юлий|Адамович|1973-12-24|+7 388 434 8232|ereme60@example.org|7|1.3
Михайлов|Ипполит|Тимурович|1967-04-28|+7 842 830 48 62|trifontarasov@example.com|5|4.5
Волкова|Фаина|Алексеевна|1942-04-30|8 (200) 536-45-83|nikodim43@example.org|8|1.6
Ларионов|Лонгин|Давыдович|1958-10-17|+79057972966|praskovja_1989@example.org|1|4.2
Шилова|Ульяна|Антоновна|1997-03-20|+7 (092) 073-9516|kirillrodionov@example.org|9|3.3
Пономарева|Зоя|Аркадьевна|1995-08-23|86359266121|molchanovaeleonora@example.org|6|0.1
Никитин|Олимпий|Вилорович|1958-06-22|+70270844841|zuevjakub@example.org|3|4.9
Орехова|Ия|Кирилловна|1989-06-15|8 (480) 430-3916|ljudmila1993@example.org|1|4.9
Мельников|Степан|Яковлевич|1971-03-18|8 809 934 8825|afanasikarpov@example.net|8|4.0
Данилов|Василий|Елисеевич|1989-03-22|8 759 513 34 21|beljakovnifont@example.org|7|3.4
Моисеева|Галина|Ивановна|1983-05-17|80310748906|fkondratev@example.net|7|4.7
Федотов|Станимир|Устинович|1971-09-23|+76756366669|jaroslav33@example.net|7|3.9
Тарасов|Галактион|Ярославович|1988-06-23|+7 670 490 32 82|fominmilan@example.org|6|2.6
Лыткина|Наина|Сергеевна|1983-06-12|8 (295) 997-3023|ivanna1989@example.com|2|3.9
Авдеев|Аполлон|Ануфриевич|1942-05-30|+7 415 050 0609|jakub19@example.com|8|1.4
Горбунов|Афанасий|Глебович|1942-01-02|+7 033 987 71 66|januariturov@example.org|1|4.7
Юдина|Евпраксия|Матвеевна|1976-08-29|+7 134 576 9715|vseslav1972@example.net|2|4.5
Емельянов|Будимир|Ефимович|1959-05-10|8 429 692 4764|matve09@example.org|2|0.4
Носов|Ульян|Фадеевич|1965-02-07|8 (100) 043-87-82|ermakovaglafira@example.net|5|2.4
Белоусова|Варвара|Юрьевна|2000-07-16|8 136 428 47 50|makarovaemilija@example.com|2|3.6
Тетерин|Ян|Устинович|1963-07-24|+7 242 300 82 34|agafonovaglafira@example.com|8|0.5
Иванов|Максимильян|Игоревич|1991-10-31|+76309959260|koshelevjaropolk@example.org|9|2.5
Лаврентьева|Элеонора|Натановна|1971-03-16|8 (330) 821-6698|zinaida_30@example.net|4|4.7
Муравьев|Устин|Филиппович|1944-12-03|8 (874) 570-2787|alla_1989@example.com|1|3.9
Григорьев|Демид|Гертрудович|1943-11-03|+7 (570) 673-2691|adrian2008@example.net|6|4.6
Авдеева|Наталья|Сергеевна|1994-08-12|83352942998|feofan2003@example.com|1|3.8
Смирнова|Анжелика|Ильинична|1989-01-30|+7 257 275 9614|faina20@example.com|6|4.1
Самойлов|Павел|Юлианович|1988-03-15|+7 672 329 07 00|baranovguri@example.com|5|0.6
Нестеров|Касьян|Алексеевич|1959-11-20|8 (676) 524-41-61|tretjakovaviktorija@example.org|7|3.3
Кузнецов|Юлиан|Ермилович|1949-08-14|+7 (877) 927-12-22|prohor_67@example.com|5|2.5
Русакова|Иванна|Филипповна|1964-05-15|87942495747|juli03@example.org|1|1.9
Ильин|Аристарх|Артёмович|1996-07-15|8 619 851 98 74|leonti_2014@example.org|3|2.5
Исакова|Тамара|Васильевна|1998-01-04|+7 (069) 332-5394|zkomissarova@example.net|8|0.6
Тимофеева|Юлия|Алексеевна|1949-08-28|+7 058 318 51 11|savinjakov@example.org|1|3.7
Ильина|Милица|Леонидовна|1998-09-25|+7 293 006 26 01|rogovkonstantin@example.net|7|0.6
Рожкова|Ираида|Егоровна|1949-01-24|8 991 275 9755|nifont2016@example.org|9|2.2
Артемьева|Анжела|Григорьевна|1988-02-29|8 146 228 02 33|feliks73@example.net|1|0.7
Беляев|Изяслав|Фокич|1957-03-20|+73991039082|upestov@example.org|9|2.5
Королев|Будимир|Брониславович|1945-07-23|+7 (805) 590-60-06|praskovja_1983@example.com|3|3.2
Шубин|Ананий|Ермолаевич|1941-10-03|+7 175 900 41 13|afanasevaagata@example.org|7|3.7
Федотова|Таисия|Ниловна|1984-08-29|+7 (783) 486-46-70|ipat1999@example.com|8|1.5
Соколова|Ия|Семеновна|1974-08-27|8 250 103 1688|ipavlov@example.org|4|0.4
Соболева|Олимпиада|Оскаровна|1977-03-28|8 (894) 517-32-47|rodionovagafon@example.com|8|1.9
Маслов|Агап|Артемьевич|1998-11-19|+7 (734) 530-4895|bojan_73@example.com|3|2.9
Прохорова|Алевтина|Богдановна|1995-03-10|8 (731) 605-3365|usuhanov@example.org|2|1.6
Кулакова|Милица|Эдуардовна|1990-01-20|8 (829) 484-6138|anisimovveniamin@example.com|5|0.8
Нестерова|Ульяна|Кузьминична|1946-09-04|88348355364|chernovdenis@example.net|5|1.5
Сергеева|Синклитикия|Эдуардовна|1992-11-02|+7 610 999 2754|narkis24@example.net|1|4.9
Силин|Ян|Адамович|1975-11-08|+73894525199|zinovevaantonina@example.net|6|3.9
Кудряшов|Радим|Демьянович|1959-06-17|+7 826 234 90 44|kallistrat2020@example.com|4|0.3
Кудрявцева|Глафира|Александровна|1943-10-07|+7 604 705 4434|miroslav43@example.org|4|1.8
Симонова|Дарья|Ниловна|1961-11-06|8 026 870 1966|bazhen_55@example.com|9|1.5
Мишина|Василиса|Станиславовна|1952-08-14|+76546087059|milovan97@example.net|3|0.8
Кудряшова|Милица|Вадимовна|1982-06-28|83440253471|germanmoiseev@example.net|1|2.7
Мухина|Раиса|Александровна|1975-04-14|+7 (411) 778-58-59|gavrilovmilan@example.org|2|2.6
Яковлев|Фома|Александрович|1945-08-15|8 389 412 24 25|shashkovantip@example.org|5|0.1
Рожкова|Ангелина|Филипповна|1986-10-18|8 317 426 4315|fbespalov@example.org|3|4.4
Гусева|Жанна|Болеславовна|1958-01-03|+7 610 513 86 86|merkushevkarp@example.com|8|3.5
Лихачев|Демид|Анатольевич|1979-05-29|8 024 496 48 77|vsemil1999@example.com|4|3.8
Селезнева|Наина|Константиновна|1977-02-19|8 (825) 570-18-03|valerisimonov@example.com|4|3.5
Шубин|Боян|Игоревич|1942-08-22|+7 (859) 263-20-81|ratibor70@example.com|2|2.2
Лихачев|Тарас|Герасимович|1988-10-21|8 448 177 54 54|rodionzimin@example.com|5|3.1
Блинов|Евлампий|Данилович|1942-09-22|8 (262) 554-94-99|djachkovaeleonora@example.org|7|1.0
Кириллов|Сигизмунд|Арсеньевич|1990-01-12|8 470 781 90 76|klobanova@example.net|4|2.9
Селиверстова|Ираида|Захаровна|1965-09-24|+7 (788) 526-70-35|pelageja1978@example.net|1|3.7
Исакова|Валерия|Леонидовна|1970-06-17|+7 (550) 742-05-29|fadeevmiroslav@example.net|1|4.2
Романов|Лучезар|Афанасьевич|1941-11-16|8 881 119 6175|lavrentevjanuari@example.com|1|4.8
Копылов|Виктор|Гаврилович|1964-06-12|8 335 089 70 45|iraida_30@example.net|3|4.5
Харитонов|Евстигней|Богданович|1955-06-12|8 244 655 01 53|kiselevanadezhda@example.org|4|0.9
Емельянова|Эмилия|Руслановна|1989-05-17|8 680 398 7145|sofonvlasov@example.net|1|0.6
Белозерова|Майя|Тарасовна|1953-04-30|8 639 959 94 22|anastasija_85@example.net|3|2.7
Новиков|Соломон|Ааронович|1966-11-16|+7 241 973 62 26|jan_63@example.org|7|4.7
Фокин|Христофор|Теймуразович|1950-09-17|8 (000) 004-45-04|ermil_25@example.net|8|1.8
Дроздов|Амос|Исидорович|1992-08-09|+7 042 575 35 26|ilarion_19@example.org|4|1.6
Большаков|Артем|Виленович|1994-03-23|8 (363) 620-26-94|gordeevarhip@example.com|6|4.4
Самсонова|Мария|Архиповна|1960-04-01|8 (096) 487-26-26|klavdiermakov@example.com|6|4.7
Гущина|Нина|Вячеславовна|1977-01-13|8 996 922 32 86|lev77@example.org|2|0.6
Филиппов|Демьян|Аверьянович|1949-01-25|+7 (788) 180-41-46|ermil_17@example.net|2|3.4
Шестаков|Афанасий|Ерофеевич|1986-11-12|8 (451) 973-1706|zegorov@example.org|6|0.5
Шестакова|Ульяна|Юльевна|1993-02-22|+7 (120) 510-74-86|vadimodintsov@example.com|6|1.7
Моисеев|Ювеналий|Антипович|1941-11-23|8 (653) 585-26-76|medvedevpahom@example.net|5|2.8
Наумова|Ольга|Ждановна|1985-02-06|8 (288) 151-7579|rodionovanisim@example.org|7|2.5
Сидорова|Анжела|Аркадьевна|1950-08-24|+7 880 251 78 22|mark_2002@example.com|8|4.3
Капустина|Феврония|Никифоровна|1945-07-20|+7 (247) 344-1411|timur95@example.net|4|1.0
Щербакова|Ульяна|Васильевна|1950-07-28|+7 (034) 112-90-68|gkrasilnikova@example.net|6|3.0
Абрамов|Елизар|Ааронович|1979-12-10|+7 645 551 50 56|bronislav1997@example.org|4|2.8
Авдеев|Ратмир|Ануфриевич|1994-12-31|8 (395) 544-3555|dmaslova@example.com|1|2.8
Кириллов|Елисей|Игнатович|1992-08-23|+7 803 495 50 93|rjabovnikola@example.org|4|0.4
Кондратьева|Светлана|Леонидовна|1983-11-14|+7 755 381 0046|kornilovtihon@example.net|1|3.8
Орлов|Порфирий|Гордеевич|1994-05-21|8 (844) 239-3569|iustinov@example.com|9|0.8
Беляева|Алина|Романовна|1971-03-02|+75024919228|strelkovaevfrosinija@example.net|1|4.6
Елисеева|Алевтина|Натановна|1994-01-10|+74175350353|sofronkulikov@example.net|3|2.8
Воробьев|Лавр|Бенедиктович|1942-09-01|8 (983) 514-02-71|ernst70@example.net|8|4.4
Орехова|Ираида|Тарасовна|1949-08-13|+7 (243) 731-0271|sofon2004@example.org|1|3.2
Харитонов|Агафон|Яковлевич|1943-12-19|+7 (576) 355-9873|iosif70@example.net|8|4.9
Большакова|Полина|Григорьевна|1954-08-23|8 341 230 7302|rodionovvaleri@example.com|3|2.8
Фокин|Болеслав|Игоревич|1941-08-28|86782334686|timofe_1974@example.net|5|2.0
Лебедева|Алина|Альбертовна|1974-08-22|+7 632 661 2195|nestor_1975@example.net|5|1.7
Артемьев|Лаврентий|Германович|1977-07-27|8 543 538 9674|oksana_26@example.net|2|3.9
Елисеев|Герасим|Викторович|1975-03-04|+7 250 366 5495|demjan2001@example.org|9|3.2
Кононова|Прасковья|Викторовна|1949-07-20|8 129 930 08 29|sobolevsavvati@example.org|1|0.1
Носков|Лазарь|Августович|1972-11-21|+7 (719) 721-67-17|veniamin_66@example.org|6|2.5
Прохорова|Раиса|Тарасовна|1988-10-24|87216529283|efimovagap@example.com|2|3.9
Куликова|Прасковья|Никифоровна|1993-08-21|8 (227) 903-32-49|evlampi23@example.org|3|4.6
Калашникова|Валентина|Григорьевна|1954-07-04|+7 (219) 008-76-60|spiridon47@example.com|2|3.9
Кабанова|Фаина|Валентиновна|1945-10-29|8 901 700 0185|fedot15@example.com|3|0.6
Воронова|Екатерина|Андреевна|1990-09-22|+7 (524) 089-11-86|lobanovantonin@example.net|1|2.3
Попов|Сигизмунд|Абрамович|1954-09-13|+7 (649) 665-36-23|pelageja11@example.org|8|3.0
Гуляев|Казимир|Гурьевич|1967-07-28|81756306661|bvinogradov@example.net|3|0.3
Гордеев|Бажен|Венедиктович|1960-12-10|+7 (032) 927-04-79|vlas57@example.net|5|4.2
Меркушева|Наталья|Владиславовна|1981-09-06|8 (745) 926-44-35|dobromisl_90@example.com|1|3.3
Мамонтова|Анжелика|Егоровна|1968-10-26|8 157 983 4706|foma_2000@example.net|6|0.4
Соколов|Дмитрий|Гавриилович|1954-11-18|8 (133) 029-72-17|birjukovosip@example.org|5|3.5
Артемьев|Алексей|Ерофеевич|1962-01-24|8 (516) 294-37-18|apollon83@example.org|1|0.2
Зайцева|Ульяна|Семеновна|1946-05-28|8 293 873 59 72|kopilovrjurik@example.net|4|2.7
Волков|Артем|Валерьянович|1997-01-16|8 735 830 1202|evlampi91@example.net|9|2.2
Анисимов|Лаврентий|Ефимьевич|1993-10-10|86360840833|levaleksandrov@example.org|7|3.9
Лобанов|Самсон|Терентьевич|1949-03-25|+7 (536) 369-2189|leonid1999@example.com|5|3.4
Кондратьева|Раиса|Захаровна|1972-10-03|81544430748|sofron1974@example.com|2|2.2
Зуев|Платон|Демьянович|1959-02-17|+7 088 965 5955|varlaam1979@example.net|4|3.7
Виноградов|Силантий|Фролович|1991-11-19|+7 846 668 8337|filipp27@example.net|9|4.1
Федоров|Лев|Захарьевич|1946-12-15|+7 (386) 295-3020|sokrat05@example.net|9|0.4
Брагин|Ян|Арсенович|1992-04-23|83368088356|emilbespalov@example.net|2|4.6
Артемьева|Евпраксия|Александровна|1986-12-14|8 633 307 35 34|firsmakarov@example.org|6|4.4
Белякова|Клавдия|Борисовна|1946-03-12|8 (827) 373-98-75|zhukovfedot@example.com|1|4.4
Рябов|Януарий|Абрамович|1966-12-08|8 631 300 03 89|naina_1997@example.org|1|3.7
Артемьева|Кира|Феликсовна|1998-04-15|+7 757 551 56 22|oartemeva@example.org|2|0.4
Наумова|Нонна|Борисовна|1953-09-04|+7 (103) 965-98-98|kirillovleon@example.org|3|2.8
Давыдова|Агата|Аскольдовна|1998-02-14|8 928 101 62 31|jakovlevalarisa@example.org|3|0.8
Жданов|Иларион|Аверьянович|1942-07-01|8 (495) 581-2388|ladimir_85@example.net|4|4.8
Самойлов|Наркис|Вячеславович|1990-09-28|+79443072858|nesterovaveronika@example.com|8|3.9
Мухин|Влас|Вячеславович|1989-05-19|+7 (598) 971-0393|solovevolimpi@example.org|6|1.3
Матвеев|Орест|Терентьевич|1975-04-27|87918295560|moise49@example.net|5|0.4
Лыткин|Лев|Феликсович|1971-10-16|+7 (303) 193-16-48|irakli_47@example.net|7|2.2
Осипов|Стоян|Марсович|1994-09-20|+7 540 114 8440|nesterovfilaret@example.net|9|3.2
Козлова|Майя|Владиславовна|1956-07-10|87778439694|strelkovfilaret@example.net|2|3.7
Мартынов|Нифонт|Георгиевич|1950-12-30|+7 246 753 68 07|galaktion_79@example.net|7|0.5
Лыткин|Арсений|Анисимович|1980-04-25|+7 875 078 2812|usoboleva@example.com|6|4.1
Карпова|Клавдия|Ждановна|1968-01-27|8 731 512 3762|ksharapova@example.com|1|4.1
Зуев|Радим|Еремеевич|1948-04-15|8 (650) 299-52-29|grigorevfortunat@example.org|9|3.1
Веселова|Антонина|Геннадьевна|1974-11-18|+7 (246) 134-6052|babramov@example.org|1|4.6
Сафонова|Нонна|Васильевна|1946-05-30|82519523620|anisim_2010@example.com|1|0.7
Крылов|Гостомысл|Филимонович|1963-08-14|+7 (101) 396-9745|prov2000@example.org|6|1.1
Белоусов|Самуил|Александрович|1955-06-30|+7 (214) 758-1380|evgenija_55@example.org|6|1.2
Белоусова|Зинаида|Аркадьевна|1957-03-21|+7 311 862 59 89|evdokim1970@example.net|2|4.7
Борисова|Виктория|Святославовна|1973-09-16|8 716 071 9032|lora_1977@example.net|3|4.0
Жуков|Макар|Ефимьевич|1942-05-10|8 (780) 121-1253|gremislav40@example.net|4|1.1
Федоров|Гурий|Ерофеевич|1963-09-14|8 561 773 3263|maksimiljan_1988@example.net|8|2.4
Беляков|Святослав|Ааронович|1958-04-12|8 (872) 763-2725|ija_1997@example.org|3|4.2
Гуляев|Аполлинарий|Феликсович|2000-08-03|8 (918) 820-1256|isasazonov@example.net|2|1.0
Пономарева|Феврония|Михайловна|1987-11-07|8 416 335 8473|kudrjashovlev@example.com|2|3.5
Кулаков|Мина|Елизарович|1951-12-03|+7 141 272 06 62|evstigne83@example.com|6|0.1
Буров|Милен|Валерьевич|1971-12-24|+7 017 216 2310|konovalovemeljan@example.com|7|2.9
Волков|Максимильян|Глебович|1992-07-30|+78750972097|frolovgalaktion@example.com|4|4.0
Князева|Лукия|Геннадьевна|1995-07-09|+7 939 528 41 28|david23@example.org|4|1.7
Гущина|Наина|Наумовна|1996-01-01|+7 (552) 960-09-54|ribakovnestor@example.org|2|2.5
Захаров|Иннокентий|Антонович|1961-05-08|+7 904 719 80 28|spiridon_2004@example.org|6|4.6
Романов|Ефим|Иосипович|1970-08-24|82619931736|iraklizaharov@example.net|6|0.2
Фадеева|Зинаида|Викторовна|1984-05-10|8 (518) 618-0107|apollonbelozerov@example.org|1|1.8
Лазарева|Дарья|Афанасьевна|1993-12-06|+7 (397) 267-36-68|rjabovsvjatoslav@example.com|5|0.2
Кириллов|Викентий|Ефимьевич|1962-05-01|+7 015 871 4161|vatslavvinogradov@example.com|7|2.8
Юдин|Иларион|Харламович|1948-12-14|+7 782 685 6605|kalashnikovaagata@example.net|3|2.5
Давыдов|Антип|Валерьевич|1977-09-14|+7 (321) 980-2814|loginovnikanor@example.net|1|1.6
Сидорова|Фёкла|Болеславовна|1964-08-30|+7 283 404 48 94|bgushchin@example.net|8|2.4
Пахомов|Всемил|Филимонович|1992-08-23|+77690970894|grigorevjanuari@example.com|5|3.8
Красильников|Ким|Анатольевич|1984-05-21|+7 (568) 526-8527|velimir_25@example.org|7|3.9
Наумов|Велимир|Валерианович|1999-04-20|+7 680 066 1704|svjatoslav52@example.com|7|1.4
Пономарева|Мария|Даниловна|1970-11-02|8 (125) 349-98-36|kononpoljakov@example.net|5|1.1
Корнилова|Марфа|Ивановна|1950-05-20|8 525 456 5059|zuevalidija@example.org|9|1.3
Брагин|Андрей|Марсович|1968-02-04|+70440991743|averjan_44@example.net|6|1.7
Коновалова|Екатерина|Вадимовна|1991-10-22|+72216109746|paramon38@example.net|2|0.1
Григорьев|Изяслав|Владиленович|1994-10-03|+7 (019) 487-41-68|evdokija38@example.net|4|1.6
Карпов|Владилен|Владиславович|1951-09-14|8 (240) 445-02-19|seliverstzhukov@example.com|5|1.8
Большакова|Марина|Ниловна|1996-05-27|8 (052) 108-7462|adrian62@example.com|3|1.8
Егоров|Афиноген|Геннадиевич|1967-11-19|8 249 733 6752|gennadi1992@example.org|5|3.9
Горбачева|Агата|Викторовна|1993-05-16|8 158 355 70 63|bgolubeva@example.net|4|4.4
Осипов|Иосиф|Гавриилович|1943-10-14|+7 882 318 40 29|mihalovsvjatoslav@example.org|4|1.0
Федотов|Андрей|Давыдович|1944-03-06|+7 (870) 061-13-38|tihonovsofron@example.com|9|1.5
Баранова|Вера|Тимофеевна|1980-12-09|8 (510) 807-38-00|orlovasinklitikija@example.com|9|0.7
Носков|Агафон|Владиславович|1962-01-02|+7 263 747 21 88|nikodim_1995@example.org|6|4.4
Титов|Мирон|Харлампович|1947-03-27|+7 (615) 437-49-22|nikifor_42@example.net|7|4.8
Пахомов|Тимур|Адамович|1964-06-08|+7 923 149 88 51|mamontovaksenija@example.net|3|1.0
Борисова|Регина|Максимовна|1993-07-03|+74087771631|foka2013@example.org|6|1.3
Дементьев|Филарет|Артёмович|1950-07-27|+7 (083) 863-56-86|shirjaeverast@example.org|4|0.2
Зимина|Оксана|Леоновна|1984-02-04|8 249 998 59 61|suhanovivan@example.net|3|3.5
Логинов|Август|Денисович|1991-04-30|+7 (169) 343-34-88|bespalovvissarion@example.net|5|2.8
Савин|Станимир|Васильевич|1990-09-18|+7 (725) 764-3485|evgrafvlasov@example.com|4|3.4
Субботина|Татьяна|Рудольфовна|1963-11-05|8 261 980 5144|german_34@example.org|2|0.1
Логинова|Ираида|Филипповна|1990-01-07|82248662103|kornilovaviktorija@example.com|5|4.8
Афанасьев|Илья|Абрамович|1988-05-29|+7 (534) 195-18-12|gremislav_1982@example.net|1|0.3
Овчинников|Лука|Димитриевич|1969-04-22|8 774 264 01 71|gorbunovleonti@example.com|1|4.8
Сафонов|Федосий|Захарьевич|2000-03-23|8 021 372 56 97|demid_1993@example.org|4|4.3
Гаврилова|Ангелина|Вениаминовна|1984-07-01|8 (603) 602-0094|aksenovkondrati@example.net|5|3.7
Игнатова|Евдокия|Юльевна|1956-02-17|+70458390171|sidorovaveronika@example.com|4|1.2
Пахомова|Регина|Мироновна|1962-09-25|82284370081|nikiforovpankrati@example.net|4|4.3
Дементьева|Зинаида|Богдановна|1955-08-30|+78686522588|hsokolova@example.net|7|0.5
Игнатова|Мария|Константиновна|1962-10-19|+7 093 610 1885|zhukovvladislav@example.org|5|0.2
Доронина|Наталья|Егоровна|1989-01-22|8 253 195 77 95|elizar47@example.net|3|4.0
Некрасов|Сила|Тарасович|1948-07-27|+7 646 424 9532|lora_1978@example.net|3|0.7
Нестерова|Евгения|Макаровна|1987-04-24|8 726 510 08 66|shilovaelizaveta@example.org|5|0.9
Некрасов|Аполлинарий|Зиновьевич|1964-09-13|8 312 863 58 88|serafim_1970@example.org|9|3.0
Гуляев|Виссарион|Терентьевич|1951-05-26|8 438 889 2205|gostomislblinov@example.net|9|3.6
Комарова|Ангелина|Альбертовна|1990-10-16|8 (568) 105-8639|prohorovevstigne@example.org|4|3.4
Суворов|Софрон|Харлампьевич|1942-06-12|8 350 210 5848|haritonovluchezar@example.org|1|3.4
Турова|Регина|Егоровна|1945-01-11|8 (052) 456-52-67|bojan91@example.net|1|1.9
Ситников|Светозар|Иосипович|1953-10-15|8 (898) 312-88-66|amos1987@example.com|1|0.5
Беляев|Ростислав|Ануфриевич|1969-09-21|8 487 764 8569|rjabovaelena@example.com|1|1.3
Мамонтова|Надежда|Руслановна|1948-03-26|8 (830) 877-6919|nikonovamilitsa@example.net|3|1.7
Смирнова|Марина|Ефимовна|1985-04-15|+7 622 669 3794|glebkomissarov@example.com|5|1.9
Миронов|Нестор|Тимурович|1997-09-09|+7 247 657 43 91|lukinagalina@example.com|9|0.7
Осипова|Елизавета|Ниловна|1954-05-06|+78904446287|shcherbakovalidija@example.net|9|0.2
Рыбаков|Касьян|Валентинович|1997-08-10|85748783453|rjurik_13@example.net|7|2.3
Пахомов|Валентин|Артурович|1971-04-15|+72225807595|fadeevaevgenija@example.net|5|0.9
Воробьев|Лев|Валентинович|1972-01-09|8 (202) 021-6458|julija98@example.com|5|4.0
Ершова|Эмилия|Вячеславовна|1982-02-13|+7 764 405 51 13|antip_32@example.com|9|2.4
Пахомов|Мариан|Виленович|1944-02-11|87442564435|avtonom1986@example.com|8|2.6
Ковалев|Руслан|Елисеевич|1951-11-16|+7 (033) 934-2742|karpovruslan@example.net|7|4.1
Кудряшова|Агафья|Альбертовна|1949-05-27|8 (668) 738-6956|galina_2020@example.org|6|0.2
Быков|Климент|Артурович|1993-09-12|+7 (123) 716-1202|panfil_1973@example.com|1|2.2
Шаров|Анатолий|Богданович|1989-03-17|8 988 087 7970|artemevpavel@example.net|5|2.8
Колобова|Ия|Олеговна|1969-01-07|+7 (116) 660-49-07|samuilpoljakov@example.com|9|1.5
Калашникова|Алла|Федоровна|1987-09-04|+7 178 792 16 87|prohornaumov@example.com|4|1.3
Лаврентьев|Светозар|Бориславович|1992-09-29|+73635910703|askold_54@example.net|6|4.6
Кузьмина|Евдокия|Олеговна|1983-10-09|+73296462501|odintsovvasili@example.com|4|3.5
Фомин|Аверкий|Иларионович|1962-07-20|+7 671 895 79 82|kallistrat09@example.net|9|2.0
Антонова|Синклитикия|Вячеславовна|1966-09-03|+7 487 498 29 48|braginaevgenija@example.org|6|0.8
Гришин|Степан|Августович|1974-04-24|+7 629 916 29 62|adrian2005@example.net|3|1.4
Сорокин|Парамон|Ефимьевич|2000-05-04|8 296 413 6982|fharitonov@example.org|9|4.8
Сорокина|Варвара|Владиславовна|1945-12-03|8 579 465 21 82|sokolovsigizmund@example.org|4|1.9
Афанасьева|Антонина|Евгеньевна|1942-10-24|8 (071) 583-04-27|petrovtit@example.com|8|1.5
Мухин|Светозар|Валентинович|1990-10-21|8 689 190 66 97|konon05@example.com|8|4.1
Савельева|Лидия|Мироновна|1986-08-20|8 344 557 60 90|svetozarmihalov@example.net|3|2.0
Белова|Синклитикия|Евгеньевна|1966-08-01|+7 (079) 352-71-69|gorde1995@example.org|5|1.7
Лебедева|Пелагея|Богдановна|1981-05-15|8 687 578 47 36|tarasovaregina@example.net|4|3.9
Игнатов|Селиверст|Федотович|1992-03-11|+7 (696) 854-7269|guljaevmili@example.com|8|2.0
Моисеев|Лев|Афанасьевич|1972-05-04|+7 566 776 63 53|grigori46@example.net|8|3.7
Полякова|Алла|Афанасьевна|1966-10-28|8 442 701 70 40|feliks_34@example.net|7|3.2
Игнатова|Лукия|Наумовна|1970-09-22|8 (696) 013-34-53|dkuzmin@example.net|6|3.4
Горшкова|Полина|Антоновна|1970-03-26|+7 (938) 292-1506|gorde_1980@example.com|9|1.5
Рыбаков|Касьян|Иосипович|1952-07-09|+78623197340|azari05@example.org|7|4.7
Федосеева|Ксения|Харитоновна|1954-11-10|+70379416262|avtonom22@example.org|3|1.0
Тетерина|Акулина|Леоновна|1985-06-05|+72179359282|ugalkin@example.org|5|2.8
Белова|Любовь|Святославовна|1946-09-04|+7 (473) 662-63-70|kabanovjuli@example.com|2|3.1
Калинина|Юлия|Тимуровна|1973-01-20|+7 610 689 99 03|gerasim2011@example.org|1|1.3
Герасимова|Акулина|Руслановна|1968-12-15|+7 (446) 232-7454|arhipovaveronika@example.net|5|4.0
Никитина|Варвара|Афанасьевна|1995-03-05|+71988528635|anike2006@example.org|9|1.6
Логинова|Милица|Альбертовна|1991-12-22|+7 725 599 6311|merkushevljubomir@example.org|8|0.9
Сафонова|Милица|Яковлевна|1964-11-10|83798747179|pankrat_2003@example.com|6|3.6
Капустина|Нонна|Львовна|1959-05-17|8 (113) 751-06-88|ermola1981@example.org|7|2.2
Ефимова|Василиса|Ильинична|1972-10-23|+7 (370) 586-97-30|konstantin_1976@example.net|7|0.9
Лебедева|Марина|Натановна|1982-04-30|+7 885 504 9367|avgust_09@example.com|7|3.5
Пестова|Анжелика|Станиславовна|1962-10-22|+7 578 663 9167|afanasevaalina@example.com|3|1.5
Щербакова|Ульяна|Харитоновна|1991-05-03|+76952602828|prokl_75@example.org|6|4.0
Харитонова|Ольга|Антоновна|1950-11-19|8 (156) 734-72-76|ermil_27@example.org|5|2.5
Гурьева|Юлия|Евгеньевна|2000-05-11|+7 (179) 199-1260|cbikov@example.org|7|3.2
Никитина|Валерия|Тарасовна|1966-12-05|+7 741 513 9049|evasileva@example.org|9|1.0
Устинова|Виктория|Юльевна|1974-06-07|8 (141) 962-9878|imironov@example.org|4|4.8
Власова|Юлия|Геннадиевна|1958-09-17|+7 835 637 87 83|nazar1984@example.org|3|1.1
Кулагин|Артем|Владиленович|1954-02-09|+7 (346) 975-1972|eduardzhuravlev@example.org|3|2.5
Рогова|Нина|Анатольевна|1971-11-06|8 956 145 4322|anzhela68@example.com|9|2.7
Исаева|Агата|Ильинична|1983-11-10|8 449 385 84 34|praskovja_2004@example.net|4|0.2
Артемьев|Ярослав|Антонович|1969-01-29|8 467 904 12 80|luchezarkorolev@example.org|5|4.8
Шубин|Степан|Фадеевич|1991-10-01|8 (727) 221-1424|mina1984@example.org|1|2.1
Киселев|Лука|Тарасович|1965-12-31|8 824 970 80 84|gushchinladislav@example.org|8|0.9
Юдин|Мечислав|Демидович|1964-05-01|+7 (369) 865-00-20|bobrovnaum@example.com|9|4.7
Громов|Сергей|Ильич|1970-08-19|+7 199 122 38 38|veselovelizar@example.org|8|1.5
Зайцева|Фёкла|Геннадьевна|1975-08-31|+77855411284|igor28@example.com|8|1.9
Кузьмина|Мария|Ниловна|1964-03-20|8 381 043 12 42|emilija_2020@example.org|6|0.9
Антонов|Климент|Ильясович|1985-01-10|+74997704308|vasilevjuri@example.org|8|0.3
Чернов|Сильвестр|Гавриилович|1987-09-21|+77053887876|sazonovlev@example.com|2|3.4
Сазонов|Остап|Германович|1954-04-20|8 (693) 848-87-78|gennadi2009@example.com|4|3.2
Кириллова|Майя|Альбертовна|1973-01-28|+7 706 972 6612|panfilovljubomir@example.org|8|0.6
Калашников|Артем|Захарьевич|1951-03-24|+7 (763) 902-1585|lidija_45@example.org|7|4.0
Сорокина|Майя|Александровна|1998-11-24|8 024 066 67 89|nikonovfirs@example.com|3|0.4
Анисимов|Демьян|Гурьевич|1953-07-05|+7 566 203 98 71|silantisazonov@example.com|1|3.4
Князева|Зинаида|Ивановна|1948-11-21|+7 846 142 66 30|stepan_1982@example.com|8|2.6
Шестаков|Измаил|Фадеевич|1968-04-16|+7 670 468 8560|ernst_53@example.org|8|1.5
Ефимов|Аскольд|Изотович|1947-03-13|8 673 989 23 56|martjanfadeev@example.com|3|2.8
Цветкова|Виктория|Афанасьевна|1996-12-18|8 (799) 856-37-61|mechislav_1980@example.org|9|3.9
Князев|Агафон|Гавриилович|1971-04-09|+7 (733) 312-5731|varfolome_73@example.net|8|3.5
Кондратьев|Родион|Викторович|1948-06-13|+7 (009) 142-8381|zosima_1978@example.net|3|1.1
Крюкова|Ольга|Оскаровна|1953-01-12|+79992819906|ostromir_1984@example.com|5|0.7
Орлов|Аскольд|Валерьянович|1942-03-15|8 021 649 5519|agap2015@example.com|2|1.6
Абрамова|Анжела|Эльдаровна|1959-01-15|+7 (257) 039-8603|veselovaanna@example.org|1|2.9
Симонов|Петр|Эдгарович|1950-08-30|+7 (665) 783-2459|ugorbachev@example.net|6|1.7
Казаков|Кузьма|Гавриилович|1996-12-18|8 (577) 954-36-27|bobilevkir@example.com|8|1.0
Селиверстов|Осип|Еремеевич|1950-10-01|+7 166 595 20 14|praskovja_02@example.org|6|0.3
Селиверстова|Кира|Алексеевна|1995-01-20|8 806 769 77 82|emmanuil1971@example.net|9|0.2
Филатова|Елизавета|Эльдаровна|1977-11-07|+7 531 713 41 33|kirillovasinklitikija@example.com|6|0.4
Осипова|Лидия|Ильинична|1992-10-07|+7 415 725 8354|usorokin@example.com|7|3.6
